Workbook

Sheet Summary 
B4: =+'Timesheet '!B2 -> UGLY DUMPLING
C6: TOTAL
B7: TIMESHEET | C7: =+'Timesheet '!K37 -> 54417.713
B8: INCENTIVES | C8: =+'Timesheet '!I37+'Timesheet '!H37 -> 1082.775
B9: HOLIDAYS | C9: ='Holiday notes '!G15 -> 3928
B10: TOTAL PAYROLL | C10: =SUM(C7:C9) -> 59428.488

Sheet Timesheet 
B2: UGLY DUMPLING
B3: Payroll period | C3: 22nd April to 26th of May
B6: Department | C6: Status | D6: Forename | E6: Surname | F6: H. Rate | G6: S. C. | H6: Perf. Bonus | I6: Sp. Bonus | J6: Timesheet | K6: Pay | L6: Notes
B7: FOH | D7: Lissette | E7: Paredes | F7: 11.44 | G7: 4 | H7: 120 | J7: 171.67 | K7: =+F7*J7+(G7*J7)+H7 -> 2770.5848
D8: Tamar | E8: Rios | F8: 11.44 | G8: 2.5 | H8: 90 | J8: 195.49 | K8: =+F8*J8+(G8*J8)+H8 -> 2815.1306 | L8: Please check H. rate
D9: Benjamin | E9: Gray | F9: 10 | G9: 1 | H9: 0 | J9: 133.53 | K9: =+F9*J9+(G9*J9)+H9 -> 1468.83
D10: Iara | E10: Cabrita | F10: 10.44 | G10: 0.5 | J10: 65.54 | K10: =+F10*J10+(G10*J10)+H10 -> 717.0076
D11: David | E11: Rios | F11: 11.5 | G11: 3.5 | H11: 70 | J11: 202.56 | K11: =+F11*J11+(G11*J11)+H11 -> 3108.4
D12: Durba | E12: Chandan | F12: 11.42 | G12: 1 | H12: 50 | J12: 136.02 | K12: =+F12*J12+(G12*J12)+H12 -> 1739.3684
D13: Endea | E13: Stratcham | F13: 11.44 | G13: 1 | H13: 50 | J13: 155.38 | K13: =+F13*J13+(G13*J13)+H13 -> 1982.9272
D14: Zineb | E14: Zanouny | F14: 11.42 | G14: 0.6 | J14: 48.67 | K14: =+F14*J14+(G14*J14)+H14 -> 585.0134
D15: Jhulia | E15: Galicia | F15: 9.5 | G15: 0.5 | J15: 55.06 | K15: =+F15*J15+(G15*J15)+H15 -> 550.6
D16: Olivia | E16: Maschio | F16: 11.44 | G16: 0.5 | J16: 120.18 | K16: =+F16*J16+(G16*J16)+H16 -> 1434.9492
D17: Kateryna | E17: Miroshnichenko | F17: 9.5 | G17: 1 | J17: 108.66 | K17: =+F17*J17+(G17*J17)+H17 -> 1140.93
D18: David Mason | E18: Thomas-knott | F18: 9.5 | G18: 0.5 | J18: 58.63 | K18: =+F18*J18+(G18*J18)+H18 -> 586.3
B19: BOH | D19: Setareh | E19: Saeedfar | F19: 11.5 | G19: 2.25 | J19: 165.05 | K19: =+F19*J19+(G19*J19)+H19 -> 2269.4375
D20: Heidy | E20: Ramos | F20: 11.7 | G20: 2 | H20: 70 | J20: 229.09 | K20: =+F20*J20+(G20*J20)+H20 -> 3208.533
D21: Ada | E21: Feliz | F21: 11.44 | G21: 3 | H21: 60 | J21: 80 | K21: =+F21*J21+(G21*J21)+H21 -> 1215.2
D22: Roger | E22: Rodriguez | F22: 11.5 | G22: 2 | H22: 100 | J22: 254.64 | K22: =+F22*J22+(G22*J22)+H22 -> 3537.64
D23: Adriana | E23: Baca | F23: 11.44 | G23: 1.5 | J23: 93.67 | K23: =+F23*J23+(G23*J23)+H23 -> 1212.0898
D24: Anny | E24: Matos | F24: 11.44 | G24: 2 | J24: 98.97 | K24: =+F24*J24+(G24*J24)+H24 -> 1330.1568
D25: Arisnorky | E25: Feliz | F25: 11.5 | G25: 1.5 | J25: 164.9 | K25: =+F25*J25+(G25*J25)+H25 -> 2143.7 | L25: Plus 60.05 hours -- > already paid in advance last month
D26: Hafiz | E26: Rahim | F26: 13 | H26: 80 | J26: 162.59 | K26: =+F26*J26+(G26*J26)+H26 -> 2193.67
D27: Jhuli | E27: Vallejos | F27: 10 | G27: 0.5 | J27: 62.81 | K27: =+F27*J27+(G27*J27)+H27 -> 659.505
D28: Luisa | E28: Valenzuela | F28: 11.44 | G28: 1 | J28: 105.1 | K28: =+F28*J28+(G28*J28)+H28 -> 1307.444
D29: Akshay | E29: Mathew | F29: 11.44 | G29: 0.5 | J29: 95.67 | K29: =+F29*J29+(G29*J29)+H29 -> 1142.2998
D30: Sreeja | E30: Vadlapudi | F30: 11.5 | I30: 100 | J30: 291.05 | K30: =+J30*F30 -> 3347.075
D31: Olga | E31: Quilumba | F31: 11.44 | G31: 1.5 | J31: 63.6 | K31: =+J31*F31 -> 727.584
D32: Saicharan | E32: Manepalli | F32: 11.5 | G32: 2 | H32: 100 | J32: 247.36 | K32: =+F32*J32+(G32*J32)+H32 -> 3439.36
B33: CPK | C33: Leaver | D33: Jess | E33: Cham | F33: 11.44 | I33: =+'Dumpling Bonus '!J9 -> 32.775 | J33: =+'Dumpling Bonus '!G9 -> 32.54 | K33: =+F33*J33+(G33*J33)+H33 -> 372.2576
D34: Kitty | E34: Oil Lan | F34: 11.44 | I34: 80 | J34: 258.06 | K34: =+F34*J34+(G34*J34)+H34+I34 -> 3032.2064
D35: Ling | E35: Chak | F35: 11.44 | I35: 80 | J35: 203.62 | K35: =+F35*J35+(G35*J35)+H35 -> 2329.4128
D36: Wing | E36: Wing | F36: 11.5 | G36: 1.5 | J36: =187.7-30 -> 157.7 | K36: =+F36*J36+(G36*J36)+H36 -> 2050.1
B37: Total | F37: =+AVERAGE(F7:F36) -> 11.19 | H37: =+SUM(H7:H36) -> 790 | I37: =+SUM(I7:I36) -> 292.775 | J37: =+SUM(J7:J36) -> 4217.81 | K37: =+SUM(K7:K36) -> 54417.713

Sheet Holiday notes 
B3: HOLIDAYS
B5: Employee Forename | C5: Employee Surname | D5: Pay Component Description | E5: Rate | F5: Units | G5: TOTAL | H5: STATUS
B7: Kitty | E7: 11 | F7: =8*6 -> 48 | G7: =+F7*E7 -> 528
B8: Jess | E8: 10.5 | F8: =30*8 -> 240 | G8: =+F8*E8 -> 2520 | H8: Leaver
B9: Wing | E9: 11 | F9: =3*8 -> 24 | G9: =+F9*E9 -> 264
B10: Hafiz | E10: 11 | F10: =7*8 -> 56 | G10: =+F10*E10 -> 616
B15: TOTAL | G15: =+SUM(G6:G14) -> 3928

Sheet Starter checklist 
B2: Starters | C2: NINo | D2: Bank Account N | E2: Sort Code | F2: Nationality | G2: Passaport nb | H2: Setlment status | I2: Sharing Code | J2: Resid. Card
B4: Olga | C4: SX173362C | D4: 30116902 | E4: 60-30-06

Sheet Dumpling Bonus 
C6: Hours (deputy) | D6: Cash ded | E6: Dumlings (rep. wrappers) | F6: Total minus cash ded | G6: Hours red. By cash | I6: Total dump. Bonus | J6: Bonus | K6: bonus per hour | L6: hours after bonus
B7: Wing | C7: 166.95 | D7: =+B16*B17 -> 3600 | E7: 14363 | F7: =E7-D7 -> 10763 | G7: =C7-B17 -> 126.95 | H7: =G7*$B$15 -> 9521.25 | I7: =F7-H7 -> 1241.75 | J7: =I7*$B$14 -> 62.0875 | K7: =J7/G7 -> 0.4890705 | L7: =C7-B17 -> 126.95
B8: Kitty | C8: 258.06 | D8: 0 | E8: 17196 | F8: =E8-D8 -> 17196 | G8: =C8-B19 -> 258.06 | H8: =G8*$B$15 -> 19354.5 | I8: =F8-H8 -> -2158.5 | J8: =I8*$B$14 -> -107.925 | K8: =J8/G8 -> -0.41821669 | L8: =C8-B18 -> 248.06
B9: Jess | C9: 42.54 | D9: =$B$16*B18 -> 900 | E9: 3996 | F9: =E9-D9 -> 3096 | G9: =C9-B18 -> 32.54 | H9: =G9*$B$15 -> 2440.5 | I9: =F9-H9 -> 655.5 | J9: =I9*$B$14 -> 32.775 | K9: =J9/G9 -> 1.0072219 | L9: =C9-B19 -> 42.54
A13: Ref.:
A14: Bonus per dumpling | B14: 0.05
A15: Target | B15: 75
A16: Cash per 90 dumpl | B16: 90
A17: wing | B17: 40 | C17: hours
A18: jess | B18: 10
A19: Kitty | B19: 0
A20: Ling | B20: 0
B24: =5*20 -> 100
E25: 116.54
E26: =+E25*75 -> 8740.5
E27: 11119 | F27: =(E27-E26)*0.05 -> 118.925 | G27: =F27-50 -> 68.925
F28: =+F2 -> 0
G32: §

Sheet new
