Workbook

Sheet Summary 
B4: =+'Timesheet '!B2 -> UGLY DUMPLING
C6: TOTAL
B7: TIMESHEET | C7: =+'Timesheet '!K39 -> 38836.042
B8: INCENTIVES | C8: =+'Timesheet '!I39+'Timesheet '!H39 -> 1036.9
B9: HOLIDAYS | C9: ='Holiday notes '!G15 -> 0
B10: TOTAL PAYROLL | C10: =SUM(C7:C9) -> 39872.942

Sheet Timesheet 
B2: UGLY DUMPLING
B3: Payroll period | C3: 25th March to 21st April 2024
B6: Department | C6: Status | D6: Forename | E6: Surname | F6: H. Rate | G6: S. C. | H6: Perf. Bonus | I6: Sp. Bonus | J6: Timesheet | K6: Pay | L6: Notes
B7: FOH | D7: Lissette | E7: Paredes | F7: 11.44 | G7: 4 | H7: 120 | J7: 152.41 | K7: =+F7*J7+(G7*J7)+H7 -> 2473.2104
D8: Tamar | E8: Rios | F8: 11.44 | G8: 2.5 | H8: 90 | J8: 117.98 | K8: =+F8*J8+(G8*J8)+H8 -> 1734.6412
D9: Benjamin | E9: Gray | F9: 10 | G9: 1 | H9: 0 | J9: 70.73 | K9: =+F9*J9+(G9*J9)+H9 -> 778.03
D10: Iara | E10: Cabrita | F10: 10.44 | G10: 0.5 | J10: 58.76 | K10: =+F10*J10+(G10*J10)+H10 -> 642.8344
C11: leaver | D11: Silvio | E11: Yanev | F11: 10 | G11: 0.5 | J11: 0 | K11: =+F11*J11+(G11*J11)+H11 -> 0
D12: David | E12: Rios | F12: 11.5 | G12: 3.5 | H12: 100 | J12: 180.51 | K12: =+F12*J12+(G12*J12)+H12 -> 2807.65 | L12: sc increase to £3.5
D13: Durba | E13: Chandan | F13: 11.42 | G13: 1 | J13: 43.18 | K13: =+F13*J13+(G13*J13)+H13 -> 536.2956
D14: Endea | E14: Stratcham | F14: 11.44 | G14: 1 | H14: 50 | J14: 96.81 | K14: =+F14*J14+(G14*J14)+H14 -> 1254.3164
D15: Zineb | E15: Zanouny | F15: 11.42 | G15: 0.6 | J15: 76.24 | K15: =+F15*J15+(G15*J15)+H15 -> 916.4048
D16: Jhulia | E16: Galicia | F16: 9.5 | G16: 0.5 | J16: 63.91 | K16: =+F16*J16+(G16*J16)+H16 -> 639.1
C17: leaver | D17: Andre | E17: Ferreira da Mata | F17: 10 | G17: 0.5 | J17: 0 | K17: =+F17*J17+(G17*J17)+H17 -> 0
D18: Olivia | E18: Maschio | F18: 11.44 | G18: 0.5 | J18: 129.14 | K18: =+F18*J18+(G18*J18)+H18 -> 1541.9316
D19: Kateryna | E19: Miroshnichenko | F19: 9.5 | G19: 1 | J19: 99.7 | K19: =+F19*J19+(G19*J19)+H19 -> 1046.85
D20: David Mason | E20: Thomas-knott | F20: 9.5 | G20: 0.5 | J20: 60.17 | K20: =+F20*J20+(G20*J20)+H20 -> 601.7
B21: BOH | D21: Setareh | E21: Saeedfar | F21: 11.5 | G21: 2.25 | J21: 127.78 | K21: =+F21*J21+(G21*J21)+H21 -> 1756.975
D22: Heidy | E22: Ramos | F22: 11.7 | G22: 2 | H22: 80 | J22: 125.77 | K22: =+F22*J22+(G22*J22)+H22 -> 1803.049
D23: Ada | E23: Feliz | F23: 11.44 | G23: 3 | H23: 40 | J23: 80 | K23: =+F23*J23+(G23*J23)+H23 -> 1195.2
D24: Roger | E24: Rodriguez | F24: 11.5 | G24: 2 | H24: 100 | J24: 188.82 | K24: =+F24*J24+(G24*J24)+H24 -> 2649.07
D25: Adriana | E25: Baca | F25: 11.44 | G25: 1.5 | J25: 63.69 | K25: =+F25*J25+(G25*J25)+H25 -> 824.1486
D26: Anny | E26: Matos | F26: 11.44 | G26: 2 | J26: 71.53 | K26: =+F26*J26+(G26*J26)+H26 -> 961.3632
D27: Arisnorky | E27: Feliz | F27: 11.5 | G27: 1.5 | J27: 82.65 | K27: =+F27*J27+(G27*J27)+H27 -> 1074.45
D28: Hafiz | E28: Rahim | F28: 13 | H28: 80 | J28: 169.57 | K28: =+F28*J28+(G28*J28)+H28 -> 2284.41
D29: Jhuli | E29: Vallejos | F29: 10 | G29: 0.5 | J29: 71.72 | K29: =+F29*J29+(G29*J29)+H29 -> 753.06
D30: Luisa | E30: Valenzuela | F30: 11.44 | G30: 1 | J30: 27.7 | K30: =+F30*J30+(G30*J30)+H30 -> 344.588
D31: Akshay | E31: Mathew | F31: 11.44 | G31: 0.5 | J31: 71.53 | K31: =+F31*J31+(G31*J31)+H31 -> 854.0682
D32: Sreeja | E32: Vadlapudi | F32: 11.5 | I32: 50 | J32: 125.63 | K32: =+J32*F32 -> 1444.745
D33: Saicharan | E33: Manepalli | F33: 11.5 | G33: 2 | H33: 80 | J33: 204.27 | K33: =+F33*J33+(G33*J33)+H33 -> 2837.645
B34: CPK | D34: Jess | E34: Cham | F34: 11.44 | I34: =+'Dumpling Bonus '!J8 -> 146.9 | J34: =+'Dumpling Bonus '!L8 -> 119.8 | K34: =+F34*J34+(G34*J34)+H34 -> 1370.512
D35: Kitty | E35: Oil Lan | F35: 11.44 | I35: 100 | J35: 171.28 | K35: =+F35*J35+(G35*J35)+H35+I35 -> 2059.4432
D36: Ling | E36: Chak | F36: 11.44 | I36: 0 | J36: 0 | K36: =+F36*J36+(G36*J36)+H36 -> 0
C37: leaver | D37: Lorna | E37: Lau | F37: 11.44 | J37: 0 | K37: =+F37*J37+(G37*J37)+H37 -> 0
D38: Wing | E38: Wing | F38: 11.5 | G38: 1.5 | J38: =+'Dumpling Bonus '!L7 -> 126.95 | K38: =+F38*J38+(G38*J38)+H38 -> 1650.35
B39: Total | F39: =+AVERAGE(F7:F38) -> 11.115625 | H39: =+SUM(H7:H38) -> 740 | I39: =+SUM(I7:I38) -> 296.9 | J39: =+SUM(J7:J38) -> 2978.23 | K39: =+SUM(K7:K38) -> 38836.042

Sheet Holiday notes 
B3: HOLIDAYS
B5: Employee Forename | C5: Employee Surname | D5: Pay Component Description | E5: Rate | F5: Units | G5: TOTAL | H5: STATUS
B7: Ling | E7: 11 | F7: =+E7*14*8 -> 1232
B8: Iara | E8: 10.44 | F8: =+E8*3*8 -> 250.56
B9: Endea | E9: 11 | F9: =+E9*(5*8) -> 440
B10: Chan | E10: 11 | F10: =+E10*(8*8) -> 704
B11: Luisa | E11: 11 | F11: =+E11*(6*8) -> 528
B12: Heidy | E12: 11 | F12: =E12*(5*8) -> 440
B13: Ben | E13: 10 | F13: =+E13*(5*8) -> 400
B14: Adriana | E14: 11 | F14: =+E14*3*8 -> 264
B15: TOTAL | G15: =+SUM(G6:G14) -> 0

Sheet Starter checklist 
B2: Starters | C2: NINo | D2: Bank Account N | E2: Sort Code | F2: Nationality | G2: Passaport nb | H2: Setlment status | I2: Sharing Code | J2: Resid. Card

Sheet Dumpling Bonus 
C6: Hours (deputy) | D6: Cash ded | E6: Dumlings (rep. wrappers) | F6: Total minus cash ded | G6: Hours red. By cash | I6: Total dump. Bonus | J6: Bonus | K6: bonus per hour | L6: hours after bonus
B7: Wing | C7: 166.95 | D7: =+B15*B16 -> 3600 | E7: 14363 | F7: =E7-D7 -> 10763 | G7: =C7-B16 -> 126.95 | H7: =G7*$B$14 -> 9521.25 | I7: =F7-H7 -> 1241.75 | J7: =I7*$B$13 -> 62.0875 | K7: =J7/G7 -> 0.4890705 | L7: =C7-B16 -> 126.95
B8: Jess | C8: 159.8 | D8: =$B$15*B17 -> 3600 | E8: 15523 | F8: =E8-D8 -> 11923 | G8: =C8-B17 -> 119.8 | H8: =G8*$B$14 -> 8985 | I8: =F8-H8 -> 2938 | J8: =I8*$B$13 -> 146.9 | K8: =J8/G8 -> 1.2262104 | L8: =C8-B17 -> 119.8
A12: Ref.:
A13: Bonus per dumpling | B13: 0.05
A14: Target | B14: 75
A15: Cash per 90 dumpl | B15: 90
A16: wing | B16: 40 | C16: hours
A17: jess | B17: 40
B18: 0
A19: Ling | B19: 0
B23: =5*20 -> 100
E24: 116.54
E25: =+E24*75 -> 8740.5
E26: 11119 | F26: =(E26-E25)*0.05 -> 118.925 | G26: =F26-50 -> 68.925
F27: =+F2 -> 0
G31: §

Sheet new
