Workbook

Sheet Summary 
B4: =+'Timesheet '!B2 -> UGLY DUMPLING
C6: TOTAL
B7: TIMESHEET | C7: =+'Timesheet '!K40 -> 44838.704
B8: INCENTIVES | C8: =+'Timesheet '!I40+'Timesheet '!H40 -> 1332.4875
B9: HOLIDAYS | C9: ='Holiday notes '!G11 -> 564
B10: TOTAL PAYROLL | C10: =SUM(C7:C9) -> 46735.191

Sheet Timesheet 
B2: UGLY DUMPLING
B3: Payroll period | C3: 20th of NOV to 17th of DEC
B6: Department | C6: Status | D6: Forename | E6: Surname | F6: H. Rate | G6: S. C. | H6: Perf. Bonus | I6: Sp. Bonus | J6: Timesheet | K6: Pay | L6: Notes
B7: FOH | D7: Lissette | E7: Paredes | F7: 11 | G7: 4 | H7: 160 | J7: 145.71 | K7: =+F7*J7+(G7*J7)+H7 -> 2345.65
D8: Tamar | E8: Rios | F8: 11 | G8: 2.5 | H8: 110 | J8: 143.75 | K8: =+F8*J8+(G8*J8)+H8 -> 2050.625
D9: Benjamin | E9: Gray | F9: 10 | G9: 1 | H9: 50 | J9: 134.89 | K9: =+F9*J9+(G9*J9)+H9 -> 1533.79
D10: Iara | E10: Cabrita | F10: 10.18 | G10: 0.5 | J10: 92.04 | K10: =+F10*J10+(G10*J10)+H10 -> 982.9872
D11: Silvio | E11: Yanev | F11: 10 | G11: 0.5 | J11: 66.42 | K11: =+F11*J11+(G11*J11)+H11 -> 697.41 | L11: payrise £10
C12: leaver | D12: Ania | E12: Man | F12: 10 | G12: 0.6 | J12: 22.75 | K12: =+F12*J12+(G12*J12)+H12 -> 241.15
D13: David | E13: Rios | F13: 11.5 | G13: 3 | H13: 130 | J13: 174.89 | K13: =+F13*J13+(G13*J13)+H13 -> 2665.905 | L13: pay rise to 11.5
D14: Durba | E14: Chandan | F14: 10.42 | G14: 1 | J14: 149.93 | K14: =+F14*J14+(G14*J14)+H14 -> 1712.2006
D15: Endea | E15: Stratcham | F15: 11 | G15: 1 | H15: 50 | J15: 129.79 | K15: =+F15*J15+(G15*J15)+H15 -> 1607.48
D16: Zineb | E16: Zanouny | F16: 10.42 | G16: 0.6 | J16: 71.69 | K16: =+F16*J16+(G16*J16)+H16 -> 790.0238
D17: Jhulia | E17: Galicia | F17: 9.5 | G17: 0.5 | J17: 64.73 | K17: =+F17*J17+(G17*J17)+H17 -> 647.3
D18: Andre | E18: Ferreira da Mata | F18: 10 | G18: 0.5 | J18: 51.07 | K18: =+F18*J18+(G18*J18)+H18 -> 536.235
D19: David Mason | E19: Thomas-knott | F19: 9.5 | G19: 0.5 | J19: 74.27 | K19: =+F19*J19+(G19*J19)+H19 -> 742.7
B20: BOH | D20: Setareh | E20: Saeedfar | F20: 12.5 | G20: 1 | H20: 50 | J20: 112.47 | K20: =+F20*J20+(G20*J20)+H20 -> 1568.345
D21: Heidy | E21: Ramos | F21: 11.7 | G21: 2 | H21: 100 | J21: 173.74 | K21: =+F21*J21+(G21*J21)+H21 -> 2480.238
D22: Ada | E22: Feliz | F22: 11 | G22: 3 | H22: 50 | J22: 80 | K22: =+F22*J22+(G22*J22)+H22 -> 1170
D23: Roger | E23: Rodriguez | F23: 11.5 | G23: 2 | H23: 100 | J23: 181.23 | K23: =+F23*J23+(G23*J23)+H23 -> 2546.605 | L23: pay rise 11.5
D24: Adriana | E24: Baca | F24: 11.4 | G24: 1.5 | J24: 73.34 | K24: =+F24*J24+(G24*J24)+H24 -> 946.086
D25: Anny | E25: Matos | F25: 11 | G25: 2 | J25: 78.12 | K25: =+F25*J25+(G25*J25)+H25 -> 1015.56
D26: Olga | E26: Quilumba | F26: 10.4 | G26: 2 | J26: 52.25 | K26: =+F26*J26+(G26*J26)+H26 -> 647.9
D27: Arisnorky | E27: Feliz | F27: 11.5 | G27: 1.5 | J27: 159.69 | K27: =+F27*J27+(G27*J27)+H27 -> 2075.97
D28: Hafiz | E28: Rahim | F28: 12.5 | J28: 163.97 | K28: =+F28*J28+(G28*J28)+H28 -> 2049.625 | L28: pay rise 12.5
D29: Jhuli | E29: Vallejos | F29: 10 | G29: 0.5 | J29: 81.91 | K29: =+F29*J29+(G29*J29)+H29 -> 860.055
D30: Luisa | E30: Valenzuela | F30: 11 | G30: 1 | J30: 65.59 | K30: =+F30*J30+(G30*J30)+H30 -> 787.08
D31: Akshay | E31: Mathew | F31: 10.42 | G31: 0.5 | J31: 67.22 | K31: =+F31*J31+(G31*J31)+H31 -> 734.0424
D32: George | E32: Kelsey | F32: 9.5 | G32: 0.5 | J32: 91.5 | K32: =+F32*J32+(G32*J32)+H32 -> 915
C33: starter | D33: Saicharan | E33: Manepalli | F33: 11.5 | G33: 2 | I33: 100 | J33: 190.77 | K33: =+F33*J33+(G33*J33)+H33 -> 2575.395
D34: Safia | E34: Leloup | F34: 10 | G34: 0.5 | J34: 51.5 | K34: =+F34*J34+(G34*J34)+H34 -> 540.75
B35: CPU | D35: Jess | E35: Cham | F35: 11 | I35: =+'Dumpling Bonus '!J8 -> 222.4875 | J35: =+'Dumpling Bonus '!G8 -> 120.67 | K35: =+F35*J35+(G35*J35)+H35 -> 1327.37
D36: Kitty | E36: Oil Lan | F36: 11 | I36: 110 | J36: 204.56 | K36: =+F36*J36+(G36*J36)+H36+I36 -> 2360.16
D37: Ling | E37: Chak | F37: 11 | I37: 100 | J37: 203.66 | K37: =+F37*J37+(G37*J37)+H37 -> 2240.26
D38: Lorna | E38: Lau | F38: 10.42 | J38: 22.99 | K38: =+F38*J38+(G38*J38)+H38 -> 239.5558
D39: Wing | E39: Wing | F39: 11.5 | G39: 1 | J39: =+'Dumpling Bonus '!G7 -> 96.42 | K39: =+F39*J39+(G39*J39)+H39 -> 1205.25
B40: Total | H40: =+SUM(H7:H39) -> 800 | I40: =+SUM(I7:I39) -> 532.4875 | J40: =+SUM(J7:J39) -> 3593.53 | K40: =+SUM(K7:K39) -> 44838.704

Sheet Holiday notes 
D1: =+'Summary '!#REF! -> #REF!
B3: HOLIDAYS
B5: Employee Forename | C5: Employee Surname | D5: Pay Component Description | E5: Rate | F5: Units | G5: TOTAL | H5: STATUS
B6: Setareh | E6: =+'Timesheet '!F20 -> 12.5 | F6: =3*8 -> 24 | G6: =+F6*E6 -> 300
B7: Kitty | E7: 11 | F7: =3*8 -> 24 | G7: =+E7*F7 -> 264
G8: =+E8*F8 -> 0
G9: =+E9*F9 -> 0
G10: =+E10*F10 -> 0
B11: TOTAL | G11: =+SUM(G6:G10) -> 564

Sheet Starter checklist 
B2: Starters | C2: NINo | D2: Bank Account N | E2: Sort Code | F2: Nationality | G2: Passaport nb | H2: Setlment status | I2: Sharing Code | J2: Resid. Card
B4: Saisharan Manepalli | D4: 70870551 | E4: 04.00.75 | J4: RT1060101

Sheet Dumpling Bonus 
C6: Hours (deputy) | D6: Cash ded | E6: Dumlings (rep. wrappers) | F6: Total minus cash ded | G6: Hours red. By cash | I6: Total dump. Bonus | J6: Bonus | K6: bonus per hour | L6: hours after bonus
B7: Wing | C7: 156.42 | D7: =+B15*B16 -> 5400 | E7: 13402 | F7: =E7-D7 -> 8002 | G7: =C7-B16 -> 96.42 | H7: =G7*$B$14 -> 7231.5 | I7: =F7-H7 -> 770.5 | J7: =I7*$B$13 -> 38.525 | K7: =J7/G7 -> 0.39955403 | L7: =C7-B16 -> 96.42
B8: Jess | C8: 170.67 | D8: =$B$15*B17 -> 4500 | E8: 18000 | F8: =E8-D8 -> 13500 | G8: =C8-B17 -> 120.67 | H8: =G8*$B$14 -> 9050.25 | I8: =F8-H8 -> 4449.75 | J8: =I8*$B$13 -> 222.4875 | K8: =J8/G8 -> 1.8437681 | L8: =C8-B17 -> 120.67
A12: Ref.:
A13: Bonus per dumpling | B13: 0.05
A14: Target | B14: 75
A15: Cash per 90 dumpl | B15: 90
A16: wing | B16: 60 | C16: hours
A17: jess | B17: 50
B18: 0
A19: Ling | B19: 0
B23: =5*20 -> 100
E24: 116.54
E25: =+E24*75 -> 8740.5
E26: 11119 | F26: =(E26-E25)*0.05 -> 118.925 | G26: =F26-50 -> 68.925
F27: =+F2 -> 0
G31: §

Sheet new
