Workbook

Sheet SUMMARY
A7: PAYROLL 24th th of April to 21st of May UGLY DUMPLING TEAM
C13: TOTAL
B14: PAYROLL TOTAL | C14: ='FOH&BOH '!G36 -> 42181.737
B15: INCENTIVES | C15: ='FOH&BOH '!H36 -> 480
B16: HOLIDAYS TOTAL | C16: ='HOLIDAYS AND NOTES'!F15 -> 936
B17: TOTAL PAYROLL | C17: =SUM(C14:C16) -> 43597.737

Sheet FOH&BOH 
A3: Employee Reference | B3: Employee Forename | C3: Employee Surname | D3: Pay Comp. Description | E3: H. Rate | F3: Units | G3: Pay | H3: Perf. Bonus | I3: Special Arrang. Bonus | J3: Status | K3: S.Charge | L3: Notes
A4: Waitress | B4: Tamar | C4: Molina Rios | D4: Hourly Rate | E4: 10.5 | F4: 167.64 | G4: =(E4*F4)+K4*F4 -> 2179.32 | H4: 100 | K4: 2.5
A5: Ass. Manager | B5: Lissette | C5: Paredes | D5: Hourly Rate | E5: 11 | F5: 151.67 | G5: =(E5*F5)+K5*F5 -> 2275.05 | H5: 150 | K5: 4
A6: Ass. Manager | B6: David Daniel | C6: Molina Rios | D6: Hourly Rate | E6: 11 | F6: 141.08 | G6: =(E6*F6)+K6*F6 -> 1975.12 | H6: 100 | K6: 3
A7: Waitress | B7: Rochelle | C7: Jayaraj | D7: Hourly Rate | E7: 10 | F7: 126.62 | G7: =(E7*F7)+K7*F7 -> 1456.13 | K7: 1.5
A8: Waitress | B8: Endea | C8: Stractchan | D8: Hourly Rate | E8: 10 | F8: 97.84 | G8: =(E8*F8)+K8*F8 -> 1076.24 | K8: 1
A9: Waitress | B9: Benjamin | C9: Gray | D9: Hourly Rate | E9: 9 | F9: 142.31 | G9: =(E9*F9)+K9*F9 -> 1423.1 | K9: 1
A10: Waitress | B10: Karina | C10: Kavdaska | D10: Hourly Rate | E10: 9 | F10: 106.48 | G10: =(E10*F10)+K10*F10 -> 1064.8 | K10: 1
A11: Waiter | B11: Archie | C11: Brice-Adams | D11: Hourly Rate | E11: 9.5 | F11: 100.5 | G11: =(E11*F11)+K11*F11 -> 1005 | K11: 0.5
A12: Waiter | B12: Durba | C12: Chandan | D12: Hourly Rate | E12: 10.42 | F12: 98.52 | G12: =(E12*F12)+K12*F12 -> 1125.0984 | K12: 1
A13: Waitress | B13: Melanny | C13: Folleco Chala | D13: Hourly Rate | E13: 10.42 | F13: 135.82 | G13: =(E13*F13)+K13*F13 -> 1686.8844 | K13: 2
A14: Serior Chef | B14: Lorna | C14: Lau | D14: Hourly Rate | E14: 10.42 | F14: 21.88 | G14: =(E14*F14)+K14*F14 -> 227.9896
A15: Junior chef | B15: Heidy | C15: Ramos | D15: Hourly Rate | E15: =10.7+1 -> 11.7 | F15: 140.91 | G15: =(E15*F15)+K15*F15 -> 1930.467 | H15: 100 | K15: 2
A16: Kitchen manager | B16: Setareh | C16: Saeedfar | D16: Hourly Rate | E16: =10.7+1.8 -> 12.5 | F16: 171.08 | G16: =(E16*F16)+K16*F16 -> 2309.58 | H16: 120 | K16: 1
A17: Kitchen Ass. Manager | B17: Saicharan | C17: Manapalli | D17: Hourly Rate | E17: 10.42 | F17: 0 | G17: =(E17*F17)+K17*F17 -> 0 | K17: 1
A18: Junior chef | B18: Roger | C18: Rodriguez | D18: Hourly Rate | E18: 11 | F18: 211.17 | G18: =(E18*F18)+K18*F18 -> 2639.625 | H18: 100 | K18: 1.5
A19: Prod. Team | B19: Wai Pink (Jess) | C19: Cham | D19: Hourly Rate | E19: 10.42 | F19: ='Dumpling Bonus '!L8 -> 114 | G19: =(E19*F19)+K19*F19 -> 1187.88 | I19: =+'Dumpling Bonus '!J8 -> 62.35
A20: Prod. Team | B20: Auntie WING | C20: Auntie Wing | D20: Hourly Rate | E20: 11 | F20: ='Dumpling Bonus '!L7 -> 112.59 | G20: =(E20*F20)+K20*F20 -> 1351.08 | K20: 1
A21: Prod. Team | B21: Kitty | C21: Oil Lan | D21: Hourly Rate | E21: 10.42 | F21: 19.34 | G21: =(E21*F21)+K21*F21 -> 201.5228
A22: Kitchen Staff | B22: Bruno | C22: Martins | D22: Hourly Rate | E22: 10 | F22: 187.06 | G22: =(E22*F22)+K22*F22 -> 2057.66 | H22: 80 | K22: 1
A23: Junior chef | B23: Adalgisa | C23: Vargas Feliz | D23: Hourly Rate | E23: 10.42 | F23: 80 | G23: =(E23*F23)+K23*F23 -> 1073.6 | K23: 3
A24: Junior chef | B24: Naomi Jhuliana | C24: Vallejos | D24: Hourly Rate | E24: 9 | F24: 152.74 | G24: =(E24*F24)+K24*F24 -> 1451.03 | K24: 0.5
A25: Junior chef | B25: Leonor | C25: Ferreira | D25: Hourly Rate | E25: 8.5 | F25: 136.25 | G25: =(E25*F25)+K25*F25 -> 1226.25 | K25: 0.5
A26: Junior chef | B26: Agata | C26: Drobinska | D26: Hourly Rate | E26: 9 | F26: 108.14 | G26: =(E26*F26)+K26*F26 -> 1081.4 | K26: 1 | L26: LEAVER
A27: Prod. Team | B27: Ling | C27: Chak | D27: Hourly Rate | E27: 10.42 | F27: 252.13 | G27: =(E27*F27)+K27*F27 -> 2627.1946 | H27: 80
A28: Prod. Team | B28: Edith Andrea | C28: Llumiquinga | D28: Hourly Rate | E28: 8.5 | F28: 22.65 | G28: =(E28*F28)+K28*F28 -> 203.85 | K28: 0.5 | L28: LEAVER
A29: Junior chef | B29: Olga | C29: Chala Quilumba | D29: Hourly Rate | E29: 10.42 | F29: 75.47 | G29: =(E29*F29)+K29*F29 -> 937.3374 | K29: 2
A30: Junior chef | B30: Anny Belkys | C30: Matos | D30: Hourly Rate | E30: 10.42 | F30: 83.94 | G30: =(E30*F30)+K30*F30 -> 1042.5348 | K30: 2
A31: Junior chef | B31: Hafiz Abdur | C31: Rahim | D31: Hourly Rate | E31: 11.42 | F31: 187.34 | G31: =(E31*F31)+K31*F31 -> 2139.4228
A32: Junior chef | B32: Adriana | C32: Baca | D32: Hourly Rate | E32: 10.42 | F32: 51 | G32: =(E32*F32)+K32*F32 -> 607.92 | K32: 1.5
A33: Junior chef | B33: Louis | C33: Agranoff | D33: Hourly Rate | E33: 10 | F33: 38.84 | G33: =(E33*F33)+K33*F33 -> 407.82 | K33: 0.5 | L33: starter
A34: Junior chef | B34: Eliana | C34: Sebastian | D34: Hourly Rate | E34: 9.5 | F34: 82.25 | G34: =(E34*F34)+K34*F34 -> 822.5 | K34: 0.5 | L34: starter
A35: Junior chef | B35: Anna | C35: Allen | D35: Hourly Rate | E35: 9 | F35: 146.14 | G35: =(E35*F35)+K35*F35 -> 1388.33 | K35: 0.5
G36: =SUM(G4:G35) -> 42181.737 | H36: =SUM(H14:H35) -> 480 | I36: =SUM(I19:I21) -> 62.35
I43: {=5*tr} -> #NAME?
C58: =2*3 -> 6

Sheet HOLIDAYS AND NOTES
C1: =+SUMMARY!A7 -> PAYROLL 24th th of April to 21st of May UGLY DUMPLING TEAM
A3: HOLIDAYS
A5: Employee Forename | B5: Employee Surname | C5: Pay Component Description | D5: Rate | E5: Units | F5: TOTAL | G5: STATUS
A6: Agata | D6: =+'FOH&BOH '!E26 -> 9 | E6: =13*8 -> 104 | F6: =+D6*E6 -> 936 | G6: Leaver
F7: =+D7*E7 -> 0
F8: =+D8*E8 -> 0
F9: =+D9*E9 -> 0
F10: =+D10*E10 -> 0
F11: =+D11*E11 -> 0
F12: =+D12*E12 -> 0
F13: =+D13*E13 -> 0
F14: =+D14*E14 -> 0
A15: TOTAL | F15: =+SUM(F6:F14) -> 936

Sheet STARTERS DETAILS 
B1: =+SUMMARY!A7 -> PAYROLL 24th th of April to 21st of May UGLY DUMPLING TEAM
A2: NOTES
B11: New Startes | C11: NINo | E11: Bank Account N | F11: Sort Code | G11: Nationality | H11: Passaport nb | I11: Setlment status | J11: Sharing Code | K11: Resid. Card
B12: Eliana | C12: SP613605B | E12: 80555877 | F12: 04.00.04
B13: Louis | C13: SE019599D | E13: 21406782 | F13: 07.04.36

Sheet Dumpling Bonus 
C6: Hours (deputy) | D6: Cash ded | E6: Dumlings (rep. wrappers) | F6: Total minus cash ded | G6: Hours red. By cash | I6: Total dump. Bonus | J6: Bonus | K6: bonus per hour | L6: hours after bonus
B7: Wing | C7: 192.59 | D7: =90*70 -> 6300 | E7: 15693 | F7: =E7-D7 -> 9393 | G7: =C7-B16 -> 112.59 | H7: =G7*$B$14 -> 8444.25 | I7: =F7-H7 -> 948.75 | J7: =I7*$B$13 -> 47.4375 | K7: =J7/G7 -> 0.4213296 | L7: =C7-B16 -> 112.59
B8: Jess | C8: 194 | D8: =$B$15*B17 -> 7200 | E8: 16997 | F8: =E8-D8 -> 9797 | G8: =C8-B17 -> 114 | H8: =G8*$B$14 -> 8550 | I8: =F8-H8 -> 1247 | J8: =I8*$B$13 -> 62.35 | K8: =J8/G8 -> 0.54692982 | L8: =C8-B17 -> 114
A12: Ref
A13: Bonus per dumpling | B13: 0.05
A14: Target | B14: 75
A15: Cash per 90 dumpl | B15: 90
A16: wing | B16: 80 | C16: hours
A17: jess | B17: 80
B18: 0
A19: Ling | B19: 0
B23: =5*20 -> 100
E24: 116.54
E25: =+E24*75 -> 8740.5
E26: 11119 | F26: =(E26-E25)*0.05 -> 118.925 | G26: =F26-50 -> 68.925
F27: =+F2 -> 0
G31: §
