Workbook

Sheet SUMMARY
A7: PAYROLL 19th of DEC to 21st of JAN UGLY DUMPLING TEAM
C13: TOTAL
B14: PAYROLL TOTAL | C14: ='FOH&BOH '!G39 -> 36834.824
B15: INCENTIVES | C15: ='FOH&BOH '!H39 -> 340
B16: HOLIDAYS TOTAL | C16: ='HOLIDAYS AND NOTES'!F12 -> 6632.8
B17: TOTAL PAYROLL | C17: =SUM(C14:C16) -> 43807.624

Sheet FOH&BOH 
A1: Employee Reference | B1: Employee Forename | C1: Employee Surname | D1: Pay Comp. Description | E1: H. Rate | F1: Units | G1: Pay | H1: Perf. Bonus | I1: Bonus | J1: Status | K1: S.Charge | L1: Notes
A2: Waitress | B2: Tamar | C2: Molina Rios | D2: Hourly Rate | E2: 10 | F2: 104.48 | G2: =E2*F2 -> 1044.8 | H2: 80 | K2: 2.5
A3: Ass. Manager | B3: Lissette | C3: Paredes | D3: Hourly Rate | E3: 11 | F3: 154.2 | G3: =E3*F3 -> 1696.2 | H3: =150 -> 150 | K3: 4
A4: Manager | B4: Sergio | C4: Ferrerosa | D4: Hourly Rate | E4: 11 | F4: 64.39 | G4: =E4*F4 -> 708.29 | H4: 40 | K4: 3.5
A5: Ass. Manager | B5: David Daniel | C5: Molina Rios | D5: Hourly Rate | E5: 11 | F5: 138.91 | G5: =E5*F5 -> 1528.01 | H5: 90 | K5: 3
A6: Waitress | B6: Rochelle | C6: Jayaraj | D6: Hourly Rate | E6: 9.5 | F6: 29 | G6: =E6*F6 -> 275.5 | K6: 1
A7: Waiter | B7: Chen | C7: Jin | D7: Hourly Rate | E7: 9 | F7: 30.05 | G7: =E7*F7 -> 270.45 | K7: 0.5
A8: Waitress | B8: Endea | C8: Stractchan | D8: Hourly Rate | E8: 9 | F8: 130.98 | G8: =E8*F8 -> 1178.82 | K8: 1
A9: Waitress | B9: Tasmin | C9: Akhter | D9: Hourly Rate | E9: 8 | F9: 81.97 | G9: =E9*F9 -> 655.76 | K9: 0.5
A10: Waitress | B10: Benjamin | C10: Gray | D10: Hourly Rate | E10: 8.5 | F10: 58.87 | G10: =E10*F10 -> 500.395 | K10: 0.5
A11: Waitress | B11: Hannah | C11: Lauber | D11: Hourly Rate | E11: 9.5 | F11: 152.46 | G11: =E11*F11 -> 1448.37 | K11: 0.5
A12: Waitress | B12: Kimaya | C12: Francis | D12: Hourly Rate | E12: 9.5 | F12: 67.55 | G12: =E12*F12 -> 641.725 | K12: 0.5 | L12: Leaver
A13: Waiter | B13: Durba | C13: Chandan | D13: Hourly Rate | E13: 10 | F13: 126.62 | G13: =E13*F13 -> 1266.2 | K13: 1 | L13: pay increase £10
A14: Waitwe | B14: Denedict W. Edward | C14: York | D14: Hourly Rate | E14: 9.5 | F14: 71.86 | G14: =E14*F14 -> 682.67 | K14: 0.5 | L14: Starter
A15: Waitress | B15: Andrea | C15: Aakanksha | D15: Hourly Rate | E15: 9.5 | F15: 109.9 | G15: =E15*F15 -> 1044.05 | K15: 1 | L15: Starter
A17: Serior Chef | B17: Lorna | C17: Lau | D17: Hourly Rate | E17: 10 | F17: 0 | G17: =E17*F17 -> 0
A18: Kitchen Manager | B18: Dimitris | C18: Papachristos | D18: Hourly Rate | E18: 10.7 | F18: 149.4 | G18: =E18*F18 -> 1598.58 | H18: 100
A19: Kitchen Manager | B19: Jean Carlos | C19: Garcia Gonzalez | D19: Hourly Rate | E19: 10.7 | F19: =83.8 -> 83.8 | G19: =E19*F19 -> 896.66
A20: Prod. Team | B20: Wai Pink (Jess) | C20: Cham | D20: Hourly Rate | E20: 9.5 | F20: ='Dumpling Bonus '!G8 -> 127.82 | G20: =E20*F20 -> 1214.29 | I20: ='Dumpling Bonus '!L8 -> 127.82
A21: Prod. Team | B21: Auntie WING | C21: Auntie Wing | D21: Hourly Rate | E21: 11 | F21: ='Dumpling Bonus '!G7+8 -> 144.9 | G21: =E21*F21 -> 1593.9 | K21: 1
A22: Prod. Team | B22: Kitty | C22: Oil Lan | D22: Hourly Rate | E22: 9.5 | F22: 0 | G22: =E22*F22 -> 0
A23: Kitchen Staff | B23: Bruno | C23: Martins | D23: Hourly Rate | E23: 10 | F23: 179.07 | G23: =E23*F23 -> 1790.7 | H23: 70 | K23: 1 | L23: pay rise 10
A24: Junior chef | B24: Adalgisa | C24: Vargas Feliz | D24: Hourly Rate | E24: 10 | F24: 85 | G24: =E24*F24 -> 850 | K24: 3
A25: Junior chef | B25: Naomi Jhuliana | C25: Vallejos | D25: Hourly Rate | E25: 9 | F25: 55.52 | G25: =E25*F25 -> 499.68 | K25: 0.5
A26: Junior chef | B26: Leonor | C26: Ferreira | D26: Hourly Rate | E26: 8.5 | F26: 104.17 | G26: =E26*F26 -> 885.445 | K26: 0.5
A27: Junior chef | B27: Agata | C27: Drobinska | D27: Hourly Rate | E27: 9 | F27: 80.18 | G27: =E27*F27 -> 721.62 | K27: 1
A28: Kitchen Ass. Manager (training) | B28: Saicharan | C28: Manapalli | D28: Hourly Rate | E28: 10 | F28: 131.04 | G28: =E28*F28 -> 1310.4 | H28: 80 | K28: 1
A29: Prod. Team | B29: Ling | C29: Chak | D29: Hourly Rate | E29: 9.5 | F29: 228.2 | G29: =E29*F29 -> 2167.9
A30: Prod. Team | B30: Mei Li (Tammy) | C30: Khong | D30: Hourly Rate | E30: 10 | F30: 33.11 | G30: =E30*F30 -> 331.1
A31: Junior chef | B31: Olga | C31: Chala Quilumba | D31: Hourly Rate | E31: 10 | F31: 76.04 | G31: =E31*F31 -> 760.4 | K31: 2
A32: Junior chef | B32: Anny Belkys | C32: Matos | D32: Hourly Rate | E32: 9.5 | F32: 66.06 | G32: =E32*F32 -> 627.57 | K32: 2
A33: Junior chef | B33: Hafiz Abdur | C33: Rahim | D33: Hourly Rate | E33: 9.5 | F33: 139.88 | G33: =E33*F33 -> 1328.86 | K33: 1
A34: Kitchen Ass. manager | B34: Setareh | C34: Saeedfar | D34: Hourly Rate | E34: 10.7 | F34: 178.2 | G34: =E34*F34 -> 1906.74 | K34: 1
A35: Junior chef | B35: Adriana | C35: Baca | D35: Hourly Rate | E35: 10 | F35: 73.45 | G35: =E35*F35 -> 734.5 | K35: 1.5
A36: Junior chef | B36: Heidy | C36: Ramos | D36: Hourly Rate | E36: 10.7 | F36: 165.27 | G36: =E36*F36 -> 1768.389 | H36: 90 | K36: 1
A37: Junior chef | B37: Roger | C37: Rodriguez | D37: Hourly Rate | E37: 10 | F37: 209.84 | G37: =E37*F37 -> 2098.4 | K37: 1.5
A38: Junior chef | B38: Arun | D38: Hourly Rate | E38: 9.5 | F38: 85.1 | G38: =E38*F38 -> 808.45 | K38: 1
G39: =SUM(G2:G38) -> 36834.824 | H39: =SUM(H17:H38) -> 340 | I39: =SUM(I20:I22) -> 127.82
I46: {=5*tr} -> #NAME?
C61: =2*3 -> 6

Sheet HOLIDAYS AND NOTES
C1: =+SUMMARY!A7 -> PAYROLL 19th of DEC to 21st of JAN UGLY DUMPLING TEAM
A3: HOLIDAYS
A5: Employee Forename | B5: Employee Surname | C5: Pay Component Description | D5: Rate | E5: Units | F5: TOTAL | G5: STATUS
A6: Dimitris | D6: 10.7 | E6: =8*3 -> 24 | F6: =+D6*E6 -> 256.8
A7: Tamar | D7: 10 | E7: =17*8 -> 136 | F7: =+D7*E7 -> 1360
A8: Bruno | D8: 9.5 | E8: =15*8 -> 120 | F8: =+D8*E8 -> 1140
A9: David | D9: 11 | E9: =15*8 -> 120 | F9: =+D9*E9 -> 1320
A10: Anny | D10: 9.5 | E10: =7*8 -> 56 | F10: =+D10*E10 -> 532
A11: Sergio | D11: 11 | E11: =23*8 -> 184 | F11: =+D11*E11 -> 2024
A12: TOTAL | F12: =+SUM(F6:F11) -> 6632.8 | G12: =G6+G7+G8 -> 0

Sheet STARTERS DETAILS 
B1: =+SUMMARY!A7 -> PAYROLL 19th of DEC to 21st of JAN UGLY DUMPLING TEAM
A2: NOTES
B11: New Startes | C11: NINo | E11: Bank Account N | F11: Sort Code | G11: Nationality | H11: Passaport nb | I11: Setlment status | J11: Share Code | K11: Resid. Card
B12: Benedict William Edward | C12: PJ836970C | E12: 90178799 | F12: 20.72.33
B13: Rochelle
B14: Benjamin

Sheet Dumpling Bonus 
C6: Hours (deputy) | D6: Cash ded | E6: Dumlings (rep. wrappers) | F6: Total minus cash ded | G6: Hours red. By cash | I6: Total dump. Bonus | J6: Bonus | K6: bonus per hour | L6: hours after bonus
B7: Wing | C7: 216.9 | D7: =90*70 -> 6300 | E7: 15693 | F7: =E7-D7 -> 9393 | G7: =C7-B16 -> 136.9 | H7: =G7*$B$14 -> 10267.5 | I7: =F7-H7 -> -874.5 | J7: =I7*$B$13 -> -43.725 | K7: =J7/G7 -> -0.31939372 | L7: =C7-B16 -> 136.9
B8: Jess | C8: 167.82 | D8: =$B$15*B17 -> 3600 | E8: 15164 | F8: =E8-D8 -> 11564 | G8: =C8-B17 -> 127.82 | H8: =G8*$B$14 -> 9586.5 | I8: =F8-H8 -> 1977.5 | J8: =I8*$B$13 -> 98.875 | K8: =J8/G8 -> 0.77354874 | L8: =C8-B17 -> 127.82
B9: Tammy | C9: 143.49 | E9: 12728 | F9: =E9-D9 -> 12728 | G9: =C9-B18 -> 143.49 | H9: =G9*$B$14 -> 10761.75 | I9: =F9-H9 -> 1966.25 | J9: =I9*$B$13 -> 98.3125
B10: Ling | C10: 197.49 | E10: =+E7 -> 15693 | F10: =E10-D10 -> 15693 | G10: =C10-B19 -> 197.49 | H10: =G10*$B$14 -> 14811.75 | I10: =F10-H10 -> 881.25 | J10: =I10*$B$13 -> 44.0625
F11: =E11-D11 -> 0 | G11: =C11-B20 -> 0 | I11: =F11-H11 -> 0
A12: Ref
A13: Bonus per dumpling | B13: 0.05
A14: Target | B14: 75
A15: Cash per 90 dumpl | B15: 90
A16: wing | B16: 80 | C16: hours
A17: jess | B17: 40
A18: Tamin | B18: 0
A19: Ling | B19: 0
E24: 116.54
E25: =+E24*75 -> 8740.5
E26: 11119 | F26: =(E26-E25)*0.05 -> 118.925 | G26: =F26-50 -> 68.925
F27: =+F2 -> 0
G31: §
