Workbook

Sheet Summary 
B4: UGLY DUMPLING
A7: S
C13: TOTAL
B14: PAYROLL TOTAL | C14: =+'Timesheet '!K42 -> 44012.699
B15: INCENTIVES | C15: =+'Timesheet '!I42+'Timesheet '!H42 -> 1721.961
B16: HOLIDAYS TOTAL | C16: ='Holiday notes '!F16 -> 5074.08
B17: TOTAL PAYROLL | C17: =SUM(C14:C16) -> 50808.74

Sheet Timesheet 
B2: UGLY DUMPLING
B3: Payroll period | C3: 25th of Sept to 22nd of Oct
B6: Department | C6: Status | D6: Forename | E6: Surname | F6: H. Rate | G6: S. C. | H6: Perf. Bonus | I6: Sp. Bonus | J6: Timesheet | K6: Pay | L6: Notes
B7: FOH | D7: Lissette | E7: Paredes | F7: 11 | G7: 4 | H7: 150 | J7: 136.95 | K7: =+F7*J7+(G7*J7)+H7 -> 2204.25
D8: Tamar | E8: Rios | F8: 10.5 | G8: 2.5 | H8: 100 | J8: 155.09 | K8: =+F8*J8+(G8*J8)+H8 -> 2116.17
D9: Benjamin | E9: Gray | F9: 10 | G9: 1 | J9: 130.03 | K9: =+F9*J9+(G9*J9)+H9 -> 1430.33
D10: Iara | E10: Cabrita | F10: 10.2 | G10: 0.5 | J10: 99.97 | K10: =+F10*J10+(G10*J10)+H10 -> 1069.679
C11: starte r | D11: Silvio | E11: Yanev | F11: 9.5 | G11: 0.5 | J11: 69.16 | K11: =+F11*J11+(G11*J11)+H11 -> 691.6
C12: Starter | D12: Yuliia | E12: Horetska | F12: 9 | G12: 0.5 | J12: 3.72 | K12: =+F12*J12+(G12*J12)+H12 -> 35.34
C13: yet to starter | D13: Ania | E13: Man | F13: 9.5 | G13: 0.5 | J13: 0 | K13: =+F13*J13+(G13*J13)+H13 -> 0
D14: David | E14: Rios | F14: 11 | G14: 3 | H14: 140 | J14: =185.89+35 -> 220.89 | K14: =+F14*J14+(G14*J14)+H14 -> 3232.46
D15: Durba | E15: Chandan | F15: 10.42 | G15: 1 | H15: =(129.55-80)*F15+(G15*129) -> 645.311 | J15: 80 | K15: =+F15*J15+(G15*J15)+H15 -> 1558.911
D16: Endea | E16: Stratcham | F16: 10.5 | G16: 1 | H16: 50 | J16: 126.33 | K16: =+F16*J16+(G16*J16)+H16 -> 1502.795
C17: Starter | D17: Pedro | E17: Oliveira de Deus | F17: 9.5 | G17: 0.5 | J17: 76.82 | K17: =+F17*J17+(G17*J17)+H17 -> 768.2
C18: Starter | D18: Andre | E18: Ferreira da Mata | F18: 9.5 | G18: 0.5 | J18: 47.9 | K18: =+F18*J18+(G18*J18)+H18 -> 479
C19: Starter | D19: Priston | E19: Almeida | F19: 9.5 | G19: 0.5 | J19: 6.27 | K19: =+F19*J19+(G19*J19)+H19 -> 62.7
D20: Grigori | E20: Bitiakov | F20: 9 | G20: 0.5 | J20: 87.09 | K20: =+F20*J20+(G20*J20)+H20 -> 827.355
C21: Leaver | D21: Bruno | E21: Martins | F21: 10 | G21: 1 | J21: =56+23 -> 79 | K21: =+F21*J21+(G21*J21)+H21 -> 869
C22: Leaver | D22: Helen | E22: Yengil | F22: 9.5 | G22: 0.5 | J22: 74.57 | K22: =+F22*J22+(G22*J22)+H22 -> 745.7
B23: BOH | D23: Setareh | E23: Saeedfar | F23: 12.5 | G23: 1 | H23: 100 | J23: 124.94 | K23: =+F23*J23+(G23*J23)+H23 -> 1786.69
D24: Heidy | E24: Ramos | F24: 11.7 | G24: 2 | H24: 100 | J24: 190.69 | K24: =+F24*J24+(G24*J24)+H24 -> 2712.453
D25: Ada | E25: Feliz | F25: 11 | G25: 3 | H25: 50 | J25: 80 | K25: =+F25*J25+(G25*J25)+H25 -> 1170
D26: Roger | E26: Rodriguez | F26: 11 | G26: 2 | H26: 100 | J26: 199.27 | K26: =+F26*J26+(G26*J26)+H26 -> 2690.51
D27: Adriana | E27: Baca | F27: 11.4 | G27: 1.5 | J27: 82.43 | K27: =+F27*J27+(G27*J27)+H27 -> 1063.347
D28: Anny | E28: Matos | F28: 11 | G28: 2 | J28: 74.63 | K28: =+F28*J28+(G28*J28)+H28 -> 970.19
D29: Olga | E29: Quilumba | F29: 10.4 | G29: 2 | J29: 84.02 | K29: =+F29*J29+(G29*J29)+H29 -> 1041.848
C30: Starter | D30: Arisnorky | E30: Feliz | F30: 11.5 | G30: 1.5 | J30: 168.77 | K30: =+F30*J30+(G30*J30)+H30 -> 2194.01
D31: Hafiz | E31: Rahim | F31: 12 | H31: 50 | J31: 189.49 | K31: =+F31*J31+(G31*J31)+H31 -> 2323.88
D32: Jhuli | E32: Vallejos | F32: 10 | G32: 0.5 | J32: 78.62 | K32: =+F32*J32+(G32*J32)+H32 -> 825.51 | L32: Pay increase to 10
D33: Luisa | E33: Valenzuela | F33: 11 | G33: 1 | J33: 76.7 | K33: =+F33*J33+(G33*J33)+H33 -> 920.4
C34: Starter | D34: Akshay | E34: Mathew | F34: 10.18 | G34: 0.5 | J34: 45 | K34: =+F34*J34+(G34*J34)+H34 -> 480.6
D35: George | E35: Kelsey | F35: 9.5 | G35: 0.5 | J35: 71.76 | K35: =+F35*J35+(G35*J35)+H35 -> 717.6
C36: Leaver | D36: Marc | E36: Boltman | F36: 10.42 | G36: 2 | J36: 34.62 | K36: =+F36*J36+(G36*J36)+H36 -> 429.9804
B37: CPU | D37: Jess | E37: Cham | F37: 11 | I37: =+'Dumpling Bonus '!J8 -> 56.65 | J37: =+'Dumpling Bonus '!L8 -> 50 | K37: =+F37*J37+(G37*J37)+H37 -> 550
D38: Kitty | E38: Oil Lan | F38: 11 | I38: 80 | J38: 209.09 | K38: =+F38*J38+(G38*J38)+H38+I38 -> 2379.99
D39: Ling | E39: Chak | F39: 11 | I39: 100 | J39: 239.62 | K39: =+F39*J39+(G39*J39)+H39 -> 2635.82
D40: Lorna | E40: Lau | F40: 10.42 | J40: 15.43 | K40: =+F40*J40+(G40*J40)+H40 -> 160.7806
D41: Wing | E41: Wing | F41: 11 | G41: 1 | J41: =+'Dumpling Bonus '!L7 -> 113.8 | K41: =+F41*J41+(G41*J41)+H41 -> 1365.6
B42: Total | H42: =+SUM(H7:H41) -> 1485.311 | I42: =+SUM(I7:I41) -> 236.65 | J42: =+SUM(J7:J41) -> 3522.67 | K42: =+SUM(K7:K41) -> 44012.699

Sheet Holiday notes 
C1: =+'Summary '!A7 -> S
A3: HOLIDAYS
A5: Employee Forename | B5: Employee Surname | C5: Pay Component Description | D5: Rate | E5: Units | F5: TOTAL | G5: STATUS
A6: Bruno | D6: 10 | E6: =20*8 -> 160 | F6: =+D6*E6 -> 1600 | G6: Leaver
A7: Jess | D7: 11 | E7: =7*8 -> 56 | F7: =+D7*E7 -> 616
A8: Anny | D8: 11 | E8: =5*8 -> 40 | F8: 672
A9: Lissette | D9: 11 | E9: =7*8 -> 56 | F9: =+D9*E9 -> 616
A10: Hafiz | D10: 11 | E10: =15*8 -> 120 | F10: =+D10*E10 -> 1320
A11: Marc | D11: 10.42 | E11: =3*8 -> 24 | F11: =+D11*E11 -> 250.08 | G11: Leaver
F12: =+D12*E12 -> 0
F13: =+D13*E13 -> 0
F14: =+D14*E14 -> 0
F15: =+D15*E15 -> 0
A16: TOTAL | F16: =+SUM(F6:F15) -> 5074.08

Sheet Starter checklist 
B1: =+'Summary '!A7 -> S
A2: NOTES
B11: Starters | C11: NINo | D11: Bank Account N | E11: Sort Code | F11: Nationality | G11: Passaport nb | H11: Setlment status | I11: Sharing Code | J11: Resid. Card
B12: Andre Ferreira da Mata | C12: SL119739D | D12: 98495300 | E12: 40.11.92
B13: Pedro de Deus | C13: AG194789B | D13: 53535436 | E13: 20.96.55
B14: Silvio Yanev | C14: SR204184A | D14: 13735463 | E14: 80.48.31
B15: Akshay Mathew | C15: TJ474863D | D15: 39088060 | E15: 30.97.85
B16: Arisnorky Feliz | C16: NJ812412A | D16: 32519898 | E16: 23.69.72
B17: Priston Almeida | C17: TJ504303D | D17: 71253768 | E17: 30.99.32
B18: Yuliia Horetska | C18: TK310446C | D18: 98390890 | E18: 04.00.03
B19: Ania Man | C19: PJ384890C | D19: 42816638 | E19: 07.04.36

Sheet Dumpling Bonus 
C6: Hours (deputy) | D6: Cash ded | E6: Dumlings (rep. wrappers) | F6: Total minus cash ded | G6: Hours red. By cash | I6: Total dump. Bonus | J6: Bonus | K6: bonus per hour | L6: hours after bonus
B7: Wing | C7: 173.8 | D7: =+B15*B16 -> 5400 | E7: 13402 | F7: =E7-D7 -> 8002 | G7: =C7-B16 -> 113.8 | H7: =G7*$B$14 -> 8535 | I7: =F7-H7 -> -533 | J7: =I7*$B$13 -> -26.65 | K7: =J7/G7 -> -0.23418278 | L7: =C7-B16 -> 113.8
B8: Jess | C8: 90 | D8: =$B$15*B17 -> 3600 | E8: 8483 | F8: =E8-D8 -> 4883 | G8: =C8-B17 -> 50 | H8: =G8*$B$14 -> 3750 | I8: =F8-H8 -> 1133 | J8: =I8*$B$13 -> 56.65 | K8: =J8/G8 -> 1.133 | L8: =C8-B17 -> 50
A12: Ref
A13: Bonus per dumpling | B13: 0.05
A14: Target | B14: 75
A15: Cash per 90 dumpl | B15: 90
A16: wing | B16: 60 | C16: hours
A17: jess | B17: 40
B18: 0
A19: Ling | B19: 0
B23: =5*20 -> 100
E24: 116.54
E25: =+E24*75 -> 8740.5
E26: 11119 | F26: =(E26-E25)*0.05 -> 118.925 | G26: =F26-50 -> 68.925
F27: =+F2 -> 0
G31: §

Sheet new
