Workbook

Sheet FOH 
A1: =+SUMMARY!A7 -> PAYROLL 25TH JUNE - 21 JULY 22 UGLY DUMPLING TEAM
A5: Employee Reference | B5: Employee Forename | C5: Employee Surname | D5: Pay Comp. Description | E5: H. Rate | F5: Units | G5: Pay | H5: Perf. Bonus | I5: Bonus | J5: Status | K5: S.Charge | L5: Notes
A6: Waitress | B6: Tamar | C6: Molina Rios | D6: Hourly Rate | E6: 9.5 | F6: 175.35 | G6: =E6*F6 -> 1665.825 | H6: 70 | K6: 2.5
A7: GM | B7: Greta | C7: Dell'Anna | D7: Salary | G7: 219.69
A8: Ass. Manager | B8: Lissette | C8: Paredes | D8: Hourly Rate | E8: 10.5 | G8: =E8*F8 -> 0 | L8: Holiday
A9: Ass. Manager | B9: Melanny Salome | C9: Folleco Chala | D9: Hourly Rate | E9: 10 | F9: 174.87 | G9: =E9*F9 -> 1748.7 | H9: 140
A10: GM | B10: Sergio | C10: Ferrerosa | D10: Hourly Rate | E10: 10 | F10: 175.57 | G10: =E10*F10 -> 1755.7 | H10: 100 | K10: 3.5 | L10: Pay rise £10.5
A11: Ass. Manager | B11: David Daniel | C11: Molina Rios | D11: Hourly Rate | E11: 10.5 | F11: 176.56 | G11: =E11*F11 -> 1853.88 | H11: 90 | K11: 3
A12: Waitress | B12: Rochelle | C12: Jayaraj | D12: Hourly Rate | E12: 8.5 | F12: 97 | G12: =E12*F12 -> 824.5 | K12: 1
A13: Waitress | B13: Karina | C13: Kavdanska | D13: Hourly Rate | E13: 8 | F13: 120.64 | G13: =E13*F13 -> 965.12 | K13: 1
A14: Waitress | B14: Ciara | C14: Bates | D14: Hourly Rate | E14: 9 | F14: 168.3 | G14: =E14*F14 -> 1514.7 | K14: 1
A15: Waitress | B15: Rebecca | C15: Archibold | D15: Hourly Rate | E15: 9 | F15: 90.41 | G15: =E15*F15 -> 813.69 | K15: 1
A16: Waitress | B16: Shuangyue | C16: Zhao | D16: Hourly Rate | E16: 9 | F16: 106.35 | G16: =E16*F16 -> 957.15 | K16: 0.5
A17: Waitress | B17: Shania | C17: Malcolm | D17: Hourly Rate | E17: 9.5 | F17: 164.23 | G17: =E17*F17 -> 1560.185 | K17: 0.5
A18: Waitress | B18: Sofia | C18: Ferreira | D18: Hourly Rate | E18: 9.5 | F18: 40.16 | G18: =E18*F18 -> 381.52 | K18: 1 | L18: starter/leaver
A19: Waitress | B19: Blean | C19: Anteneh | D19: Hourly Rate | E19: 8 | F19: 63.37 | G19: =E19*F19 -> 506.96 | K19: 1
A20: Waitress | B20: Mylo | C20: Watson | D20: Hourly Rate | E20: 9 | F20: 16.06 | G20: =E20*F20 -> 144.54 | L20: Leaver
A21: Waitress | B21: Jc Marinel | C21: Navea | D21: Hourly Rate | E21: 8 | G21: =E21*F21 -> 0
F22: =+SUM(F6:F21) -> 1568.87 | G22: =SUM(G6:G13) -> 9033.415 | H22: =+SUM(H6:H10) -> 310 | I22: =+SUM(I6:I10) -> 0
H26: .

Sheet BOH
A1: =+SUMMARY!A7 -> PAYROLL 25TH JUNE - 21 JULY 22 UGLY DUMPLING TEAM
A5: Employee Reference | B5: Employee Forename | C5: Employee Surname | D5: Pay Comp. Description | E5: H. Rate | F5: Units | G5: Pay | H5: Perf. Bonus | I5: Bonus | J5: Status | K5: S.Charge | L5: Notes
A6: Serior Chef | B6: Lorna | C6: Lau | D6: Hourly Rate | E6: 10 | F6: 31.37 | G6: =E6*F6 -> 313.7
A7: Kitchen Manager | B7: Dimitris | C7: Papachristos | D7: Hourly Rate | E7: 10.7 | F7: 159.36 | G7: =E7*F7 -> 1705.152 | H7: =180-80 -> 100
A8: Kitchen Manager | B8: Jean Carlos | C8: Garcia Gonzalez | D8: Hourly Rate | E8: 10.7 | F8: 30 | G8: =E8*F8 -> 321 | L8: month sick pay
A9: Prod. Team | B9: Wai Pink (Jess) | C9: Cham | D9: Hourly Rate | E9: 10 | F9: ='Dumpling Bonus '!L8 -> 86.77 | G9: =E9*F9 -> 867.7 | I9: ='Dumpling Bonus '!J8 -> 149.1125
A10: Prod. Team | B10: Auntie WING | C10: Auntie Wing | D10: Hourly Rate | E10: 10 | F10: ='Dumpling Bonus '!L7 -> 92.71 | G10: =E10*F10 -> 927.1 | I10: ='Dumpling Bonus '!J7 -> 227.5875
A11: Prod. Team | B11: Kitty | C11: Oil Lan | D11: Hourly Rate | E11: 9.5 | F11: 159.77 | G11: =E11*F11 -> 1517.815 | I11: 50
A12: Kitchen Staff | B12: Bruno | C12: Martins | D12: Hourly Rate | E12: 9 | F12: 184.85 | G12: =E12*F12 -> 1663.65 | H12: 50 | K12: 1
A13: Junior chef | B13: Adalgisa | C13: Vargas Feliz | D13: Hourly Rate | E13: 9.5 | F13: 20.07 | G13: =E13*F13 -> 190.665 | K13: 3
A14: Junior chef | B14: Naomi Jhuliana | C14: Vallejos | D14: Hourly Rate | E14: 8.5 | F14: 0 | G14: =E14*F14 -> 0 | K14: 0.5 | L14: Holiday
A15: Junior chef | B15: Rose | C15: Chowdhury | D15: Hourly Rate | E15: 9 | F15: 78.77 | G15: =E15*F15 -> 708.93 | K15: 1 | L15: Leaver
A16: Junior chef | B16: Leonor | C16: Ferreira | D16: Hourly Rate | E16: 8 | F16: 38.12 | G16: =E16*F16 -> 304.96 | K16: 0.5
A17: Junior chef | B17: Andreea | C17: Dinu | D17: Hourly Rate | E17: 8.5 | F17: 45 | G17: =E17*F17 -> 382.5 | K17: 0.5 | L17: leaver
A18: Junior chef | B18: Agata | C18: Drobinska | D18: Hourly Rate | E18: 8 | F18: 49 | G18: =E18*F18 -> 392 | K18: 1 | L18: pay rise to £8.5
A19: Junior chef | B19: Saicharan | C19: Manapalli | D19: Hourly Rate | E19: 10 | F19: 226.57 | G19: =E19*F19 -> 2265.7 | H19: 100 | K19: 1 | L19: pay rise to £10
A20: Prod. Team | B20: Ling | C20: Chak | D20: Hourly Rate | E20: 9.5 | F20: 151.44 | G20: =E20*F20 -> 1438.68 | I20: 50
A21: Prod. Team | B21: Loh Kai Xuan Tabi | D21: Hourly Rate | E21: 8.5 | F21: 50 | G21: =E21*F21 -> 425 | I21: 50
A22: Junior chef | B22: Olga | C22: Chala Quilumba | D22: Hourly Rate | E22: 9.5 | F22: 114.5 | G22: =E22*F22 -> 1087.75 | K22: 2
A23: Junior chef | B23: Anny Belkys | C23: Matos | D23: Hourly Rate | E23: 9.5 | F23: 106.03 | G23: =E23*F23 -> 1007.285 | K23: 2
A24: Junior chef | B24: Tianyue Liao | C24: Liao | D24: Hourly Rate | E24: 9.5 | F24: 117.76 | G24: =E24*F24 -> 1118.72 | L24: Leaver
A25: Junior chef | B25: Hafiz Abdur | C25: Rahim | D25: Hourly Rate | E25: 9.5 | F25: 30.43 | G25: =E25*F25 -> 289.085 | K25: 1 | L25: Starter
A26: Junior chef | B26: Mei Lin | C26: Khong | D26: Hourly Rate | E26: 9.5 | G26: 9 | L26: Starter
A27: Junior chef | B27: Setareh | C27: Saeedfar | D27: Hourly Rate | E27: 10 | F27: 49.76 | G27: =E27*F27 -> 497.6 | K27: 0.5 | L27: Starter
A28: Junior chef | B28: Samira | C28: Islan | D28: Hourly Rate | E28: 8 | F28: 13 | G28: =E28*F28 -> 104 | K28: 0.5 | L28: starter
A29: Junior chef | B29: Jill-Marie | C29: Addison-marrable | D29: Hourly Rate | E29: 8 | F29: 8.13 | G29: =E29*F29 -> 65.04 | L29: starter/leaver
A30: Junior chef | B30: Roger | C30: Rodrigues | D30: Hourly Rate | E30: 10 | F30: 115.43 | G30: =E30*F30 -> 1154.3 | K30: 1 | L30: leaver
A31: Junior chef | B31: Heidy | C31: Ramos | D31: Hourly Rate | E31: 9.7 | F31: 93.83 | G31: =E31*F31 -> 910.151 | H31: 50 | K31: 1
A32: Junior chef | B32: Sayrupalavanya | C32: Yaramasu | D32: Hourly Rate | E32: 9.5 | F32: =95.57-10 -> 85.57 | G32: =E32*F32 -> 812.915 | L32: leaver
A33: Junior chef | B33: Rajitha | C33: Polireddy | D33: Hourly Rate | E33: 9.5 | F33: 134.93 | G33: =E33*F33 -> 1281.835 | L33: starter
G34: =SUM(G6:G33) -> 21762.233 | H34: =SUM(H6:H33) -> 300 | I34: =SUM(I9:I11) -> 426.7
H40: .

Sheet SUMMARY
A7: PAYROLL 25TH JUNE - 21 JULY 22 UGLY DUMPLING TEAM
C13: TOTAL
B14: PAYROLL TOTAL | C14: ='FOH '!G22+BOH!G34 -> 30795.648
B15: SALES TARGET BONUS | C15: ='FOH '!H22+BOH!H34 -> 610
B16: DUMPLING BONUS | C16: =BOH!I34 -> 426.7
B17: HOLIDAYS TOTAL | C17: ='HOLIDAYS AND NOTES'!F10 -> 2636.8
B18: TOTAL PAYROLL | C18: =SUM(C14:C17) -> 34469.148

Sheet HOLIDAYS AND NOTES
C1: =+SUMMARY!A7 -> PAYROLL 25TH JUNE - 21 JULY 22 UGLY DUMPLING TEAM
A3: HOLIDAYS
A5: Employee Forename | B5: Employee Surname | C5: Pay Component Description | D5: Rate | E5: Units | F5: TOTAL | G5: STATUS
A6: Lissette | D6: 10.7 | E6: =14*8 -> 112 | F6: =D6*E6 -> 1198.4
A7: Rochelle | D7: 9.5 | E7: =7*8 -> 56 | F7: =D7*E7 -> 532
A8: Agata | D8: 8.5 | E8: =2*8 -> 16 | F8: =D8*E8 -> 136
A9: Jean | D9: 10.7 | E9: =9*8 -> 72 | F9: =D9*E9 -> 770.4
A10: TOTAL | F10: =+SUM(F6:F9) -> 2636.8

Sheet STARTERS DETAILS 
B1: =+SUMMARY!A7 -> PAYROLL 25TH JUNE - 21 JULY 22 UGLY DUMPLING TEAM
A2: NOTES
B11: New Startes | C11: NINo | E11: Bank Account | F11: Sort Code | G11: Nationality | H11: Passaport nb | I11: Setlment status | J11: Share Code | K11: Resid. Card
B12: Hafiz Abdur Rahim | C12: NJ431589B | E12: 53603160 | F12: 30.96.11
B13: Mei Lin Khong | C13: SC678346C | E13: 05604751 | F13: 09.01.29
B14: Setareh Saeedfar | C14: SW080810C | E14: 31035019 | F14: 60.30.06
B15: Blean Anteneh | C15: PL082795D | E15: 15007354 | F15: 04.00.04
B16: Samira Islam | C16: SP914997B | E16: 70768460 | F16: 30.94.51
B17: Jill-Marie | C17: PL061105B | E17: 34553262 | F17: 30.90.89
B18: Greta Dell'Anna | C18: SR065107D | E18: 93297551 | F18: 20.69.15
B19: Sofia de Faria C M Ferreira | C19: SX321864A | E19: 58799245 | F19: 60.83.71

Sheet Dumpling Bonus 
C6: Hours (deputy) | D6: Cash ded | E6: Dumlings (rep. wrappers) | F6: Total minus cash ded | G6: Hours red. By cash | I6: Total dump. Bonus | J6: Bonus | K6: bonus per hour | L6: hours after bonus
B7: Wing | C7: 152.71 | D7: =$B$14*B15 -> 5400 | E7: 16905 | F7: =E7-D7 -> 11505 | G7: =C7-B15 -> 92.71 | H7: =G7*$B$13 -> 6953.25 | I7: =F7-H7 -> 4551.75 | J7: =I7*$B$12 -> 227.5875 | K7: =J7/G7 -> 2.4548323 | L7: =C7-B15 -> 92.71
B8: Jess | C8: 136.77 | D8: =$B$14*B16 -> 4500 | E8: 13990 | F8: =E8-D8 -> 9490 | G8: =C8-B16 -> 86.77 | H8: =G8*$B$13 -> 6507.75 | I8: =F8-H8 -> 2982.25 | J8: =I8*$B$12 -> 149.1125 | K8: =J8/G8 -> 1.7184799 | L8: =C8-B16 -> 86.77
B9: Summer | C9: 116.74 | D9: =$B$14*B17 -> 1800 | E9: 11441 | F9: =E9-D9 -> 9641 | G9: =C9-B17 -> 96.74 | H9: =G9*$B$13 -> 7255.5 | I9: =F9-H9 -> 2385.5 | J9: =I9*$B$12 -> 119.275 | K9: =J9/G9 -> 1.232944 | L9: =C9-B17 -> 96.74
A11: Ref
A12: Bonus per dumpling | B12: 0.05
A13: Target | B13: 75
A14: Cash per 90 dumpl | B14: 90
A15: wing | B15: 60
A16: jess | B16: 50
A17: summer | B17: 20
A18: Yi | B18: 0
