Workbook

Sheet SUMMARY
A7: PAYROLL 20th of February to 26th of March UGLY DUMPLING TEAM
C13: TOTAL
B14: PAYROLL TOTAL | C14: ='FOH&BOH '!G38 -> 47829.733
B15: INCENTIVES | C15: ='FOH&BOH '!H38 -> 590
B16: HOLIDAYS TOTAL | C16: ='HOLIDAYS AND NOTES'!F12 -> 5321.76
B17: TOTAL PAYROLL | C17: =SUM(C14:C16) -> 53741.493

Sheet FOH&BOH 
A1: Employee Reference | B1: Employee Forename | C1: Employee Surname | D1: Pay Comp. Description | E1: H. Rate | F1: Units | G1: Pay | H1: Perf. Bonus | I1: Special Arrang. Bonus | J1: Status | K1: S.Charge | L1: Notes
A2: Waitress | B2: Tamar | C2: Molina Rios | D2: Hourly Rate | E2: 10.5 | F2: 147.02 | G2: =(E2*F2)+K2*F2 -> 1911.26 | H2: 100 | K2: 2.5
A3: Ass. Manager | B3: Lissette | C3: Paredes | D3: Hourly Rate | E3: 11 | G3: =(E3*F3)+K3*F3 -> 0 | K3: 4 | L3: holiday
A4: Manager | B4: Sergio | C4: Ferrerosa | D4: Hourly Rate | E4: 11 | F4: 211.93 | G4: =(E4*F4)+K4*F4 -> 3072.985 | H4: 130 | K4: 3.5
A5: Ass. Manager | B5: David Daniel | C5: Molina Rios | D5: Hourly Rate | E5: 11 | F5: 216.82 | G5: =(E5*F5)+K5*F5 -> 3035.48 | H5: 140 | K5: 3
A6: Waitress | B6: Rochelle | C6: Jayaraj | D6: Hourly Rate | E6: 10 | F6: 144.5 | G6: =(E6*F6)+K6*F6 -> 1661.75 | H6: 80 | K6: 1.5
A7: Waitress | B7: Endea | C7: Stractchan | D7: Hourly Rate | E7: 10 | F7: 146.76 | G7: =(E7*F7)+K7*F7 -> 1614.36 | K7: 1 | L7: pay rise 10
A8: Waitress | B8: Tasmin | C8: Akhter | D8: Hourly Rate | E8: 8 | F8: 94.91 | G8: =(E8*F8)+K8*F8 -> 806.735 | K8: 0.5
A9: Waitress | B9: Benjamin | C9: Gray | D9: Hourly Rate | E9: 8.5 | F9: 147.53 | G9: =(E9*F9)+K9*F9 -> 1327.77 | K9: 0.5
A10: Waitress | B10: Hannah | C10: Lauber | D10: Hourly Rate | E10: 9.5 | F10: 188.06 | G10: =(E10*F10)+K10*F10 -> 1974.63 | K10: 1 | L10: ss increase to 1
A11: Waitress | B11: Raiane | C11: De Sousa Wood Milton | D11: Hourly Rate | E11: 10.41 | F11: 28.14 | G11: =(E11*F11)+K11*F11 -> 309.8214 | K11: 0.6 | L11: Leaver
A12: Waiter | B12: Durba | C12: Chandan | D12: Hourly Rate | E12: 10.42 | F12: 100 | G12: =(E12*F12)+K12*F12 -> 1142 | H12: 60 | I12: =+(106.63-100)*11 -> 72.93 | K12: 1 | L12: Pay rise NMW
A13: Waitress | B13: Aleksandra | C13: Kolesnik | D13: Hourly Rate | E13: 8.5 | F13: 94.08 | G13: =(E13*F13)+K13*F13 -> 893.76 | K13: 1 | L13: Starter
A14: Waitress | B14: Andrea | C14: Aakanksha | D14: Hourly Rate | E14: 9.5 | F14: 0 | G14: =(E14*F14)+K14*F14 -> 0 | K14: 1 | L14: pay rise 10.5
A15: BOH
A16: Serior Chef | B16: Lorna | C16: Lau | D16: Hourly Rate | E16: 10.42 | F16: 27.45 | G16: =(E16*F16)+K16*F16 -> 286.029 | L16: Pay rise NMW
A17: Kitchen Manager | B17: Dimitris | C17: Papachristos | D17: Hourly Rate | E17: 10.7 | F17: 180.8 | G17: =(E17*F17)+K17*F17 -> 1934.56 | H17: 140
A18: Kitchen Manager | B18: Jean Carlos | C18: Garcia Gonzalez | D18: Hourly Rate | E18: 10.7 | F18: 212.07 | G18: =(E18*F18)+K18*F18 -> 2269.149 | H18: 140
A19: Prod. Team | B19: Wai Pink (Jess) | C19: Cham | D19: Hourly Rate | E19: 10.42 | F19: ='Dumpling Bonus '!L8 -> 90.84 | G19: =(E19*F19)+K19*F19 -> 946.5528 | I19: =+'Dumpling Bonus '!J8 -> 237.55
A20: Prod. Team | B20: Auntie WING | C20: Auntie Wing | D20: Hourly Rate | E20: 11 | F20: =228.75-100 -> 128.75 | G20: =(E20*F20)+K20*F20 -> 1545 | K20: 1
A21: Prod. Team | B21: Kitty | C21: Oil Lan | D21: Hourly Rate | E21: 10.42 | F21: =208.8+19 -> 227.8 | G21: =(E21*F21)+K21*F21 -> 2373.676
A22: Kitchen Staff | B22: Bruno | C22: Martins | D22: Hourly Rate | E22: 10 | F22: 156.63 | G22: =(E22*F22)+K22*F22 -> 1722.93 | H22: 80 | K22: 1
A23: Junior chef | B23: Adalgisa | C23: Vargas Feliz | D23: Hourly Rate | E23: 10.42 | F23: 64 | G23: =(E23*F23)+K23*F23 -> 858.88 | K23: 3
A24: Junior chef | B24: Naomi Jhuliana | C24: Vallejos | D24: Hourly Rate | E24: 9 | F24: 78.63 | G24: =(E24*F24)+K24*F24 -> 746.985 | K24: 0.5
A25: Junior chef | B25: Leonor | C25: Ferreira | D25: Hourly Rate | E25: 8.5 | F25: 102.2 | G25: =(E25*F25)+K25*F25 -> 919.8 | K25: 0.5
A26: Junior chef | B26: Agata | C26: Drobinska | D26: Hourly Rate | E26: 9 | F26: 94.68 | G26: =(E26*F26)+K26*F26 -> 946.8 | K26: 1
A27: Kitchen Ass. Manager (training) | B27: Saicharan | C27: Manapalli | D27: Hourly Rate | E27: 10.42 | F27: 95 | G27: =(E27*F27)+K27*F27 -> 1084.9 | K27: 1
A28: Prod. Team | B28: Ling | C28: Chak | D28: Hourly Rate | E28: 10.42 | F28: 103.34 | G28: =(E28*F28)+K28*F28 -> 1076.8028
A29: Prod. Team | B29: Mei Li (Tammy) | C29: Khong | D29: Hourly Rate | E29: 10.42 | F29: 94.27 | G29: =(E29*F29)+K29*F29 -> 982.2934
A30: Junior chef | B30: Olga | C30: Chala Quilumba | D30: Hourly Rate | E30: 10 | F30: 25.87 | G30: =(E30*F30)+K30*F30 -> 310.44 | K30: 2 | L30: Pay rise NMW
A31: Junior chef | B31: Anny Belkys | C31: Matos | D31: Hourly Rate | E31: 10.42 | F31: =91.23-18 -> 73.23 | G31: =(E31*F31)+K31*F31 -> 909.5166 | K31: 2
A32: Junior chef | B32: Hafiz Abdur | C32: Rahim | D32: Hourly Rate | E32: 10.42 | F32: 142.24 | G32: =(E32*F32)+K32*F32 -> 1624.3808 | K32: 1 | L32: pay rise NMW
A33: Kitchen Ass. manager | B33: Setareh | C33: Saeedfar | D33: Hourly Rate | E33: =10.7+1.8 -> 12.5 | F33: 187.42 | G33: =(E33*F33)+K33*F33 -> 2530.17 | H33: 80 | K33: 1 | L33: payrise 12.5
A34: Junior chef | B34: Adriana | C34: Baca | D34: Hourly Rate | E34: 10.42 | F34: 80.25 | G34: =(E34*F34)+K34*F34 -> 956.58 | K34: 1.5 | L34: Pay rise NMW
A35: Junior chef | B35: Heidy | C35: Ramos | D35: Hourly Rate | E35: 10.7 | F35: 210.55 | G35: =(E35*F35)+K35*F35 -> 2673.985 | H35: 150 | K35: 2 | L35: service charge increase to 2
A36: Junior chef | B36: Roger | C36: Rodriguez | D36: Hourly Rate | E36: 10.42 | F36: 189.12 | G36: =(E36*F36)+K36*F36 -> 2254.3104 | K36: 1.5 | L36: Pay rise NMW
A37: Junior chef | B37: Arun | D37: Hourly Rate | E37: 10.42 | F37: 98.55 | G37: =(E37*F37)+K37*F37 -> 1125.441 | I37: =9.64*E37 -> 100.4488 | K37: 1 | L37: Pay rise NMW
G38: =SUM(G2:G37) -> 47829.733 | H38: =SUM(H16:H37) -> 590 | I38: =SUM(I19:I21) -> 237.55
I45: {=5*tr} -> #NAME?
C60: =2*3 -> 6

Sheet HOLIDAYS AND NOTES
C1: =+SUMMARY!A7 -> PAYROLL 20th of February to 26th of March UGLY DUMPLING TEAM
A3: HOLIDAYS
A5: Employee Forename | B5: Employee Surname | C5: Pay Component Description | D5: Rate | E5: Units | F5: TOTAL | G5: STATUS
A6: Ling | D6: 10.42 | E6: =16*8 -> 128 | F6: =+D6*E6 -> 1333.76
A7: Lissette | D7: 11 | E7: =8*8 -> 64 | F7: =+D7*E7 -> 704
A8: Sai | D8: 10.42 | E8: =20*8 -> 160 | F8: =+D8*E8 -> 1667.2
A9: Roger | D9: 10.42 | E9: =5*8 -> 40 | F9: =+D9*E9 -> 416.8
A10: Bruno | D10: 10 | E10: =15*8 -> 120 | F10: =+D10*E10 -> 1200
A12: TOTAL | F12: =+SUM(F6:F11) -> 5321.76 | G12: =G6+G7+G8 -> 0

Sheet STARTERS DETAILS 
B1: =+SUMMARY!A7 -> PAYROLL 20th of February to 26th of March UGLY DUMPLING TEAM
A2: NOTES
B11: New Startes | C11: NINo | E11: Bank Account N | F11: Sort Code | G11: Nationality | H11: Passaport nb | I11: Setlment status | J11: Share Code | K11: Resid. Card

Sheet Dumpling Bonus 
C6: Hours (deputy) | D6: Cash ded | E6: Dumlings (rep. wrappers) | F6: Total minus cash ded | G6: Hours red. By cash | I6: Total dump. Bonus | J6: Bonus | K6: bonus per hour | L6: hours after bonus
B7: Wing | C7: 219.2 | D7: =90*70 -> 6300 | E7: 15693 | F7: =E7-D7 -> 9393 | G7: =C7-B16 -> 119.2 | H7: =G7*$B$14 -> 8940 | I7: =F7-H7 -> 453 | J7: =I7*$B$13 -> 22.65 | K7: =J7/G7 -> 0.19001678 | L7: =C7-B16 -> 119.2
B8: Jess | C8: 130.84 | D8: =$B$15*B17 -> 3600 | E8: 15164 | F8: =E8-D8 -> 11564 | G8: =C8-B17 -> 90.84 | H8: =G8*$B$14 -> 6813 | I8: =F8-H8 -> 4751 | J8: =I8*$B$13 -> 237.55 | K8: =J8/G8 -> 2.6150374 | L8: =C8-B17 -> 90.84
B9: Tammy | C9: 143.49 | E9: 12728 | F9: =E9-D9 -> 12728 | G9: =C9-B18 -> 143.49 | H9: =G9*$B$14 -> 10761.75 | I9: =F9-H9 -> 1966.25 | J9: =I9*$B$13 -> 98.3125
B10: Ling | C10: 197.49 | E10: =+E7 -> 15693 | F10: =E10-D10 -> 15693 | G10: =C10-B19 -> 197.49 | H10: =G10*$B$14 -> 14811.75 | I10: =F10-H10 -> 881.25 | J10: =I10*$B$13 -> 44.0625
F11: =E11-D11 -> 0 | G11: =C11-B20 -> 0 | I11: =F11-H11 -> 0
A12: Ref
A13: Bonus per dumpling | B13: 0.05
A14: Target | B14: 75
A15: Cash per 90 dumpl | B15: 90
A16: wing | B16: 100 | C16: hours
A17: jess | B17: 40
A18: Tamin | B18: 0
A19: Ling | B19: 0
B23: =5*20 -> 100
E24: 116.54
E25: =+E24*75 -> 8740.5
E26: 11119 | F26: =(E26-E25)*0.05 -> 118.925 | G26: =F26-50 -> 68.925
F27: =+F2 -> 0
G31: §
