Workbook

Sheet Payroll Carnaby
A1: =+SUMMARY!A1 -> PAYROLL 22 NOV 19 DEC UGLY DUMPLING TEAM
A5: Employee Reference | B5: Employee Forename | C5: Employee Surname | D5: Pay Comp. Description | E5: H. Rate | F5: Units | G5: Pay | H5: Sales Bobus | I5: Bonus | J5: Status | K5: S.Charge | L5: Notes
A6: Waitress | B6: Tamar | C6: Molina Rios | D6: Hourly Rate | E6: 9 | F6: 158.48 | G6: =E6*F6 -> 1426.32 | K6: 2.5
A7: Waitress | B7: Savannah Jade | C7: Talbott | D7: Hourly Rate | E7: 9.5 | F7: 161.4 | G7: =E7*F7 -> 1533.3 | K7: 3
A8: Waitress | B8: Lissette | C8: Paredes | D8: Hourly Rate | E8: 10 | F8: 207.96 | G8: =E8*F8 -> 2079.6 | H8: 150
A9: Waitress | B9: Melanny Salome | C9: Folleco Chala | D9: Hourly Rate | E9: 9.75 | F9: 190.63 | G9: =E9*F9 -> 1858.6425 | H9: 120
A10: Waitress | B10: Sergio | C10: Ferrerosa | D10: Hourly Rate | E10: 9.5 | F10: 202.24 | G10: =E10*F10 -> 1921.28 | K10: 3.5
A11: Serior Chef | B11: Lorna | C11: Lau | D11: Hourly Rate | E11: 10 | F11: 32.7 | G11: =E11*F11 -> 327
A12: Kitchen Manager | B12: Dimitris | C12: Papachristos | D12: Hourly Rate | E12: 9 | F12: 147.99 | G12: =E12*F12 -> 1331.91 | H12: 100 | L12: pay rise to £10.7
A13: Senior Chef | B13: Mario | C13: Tiburcio | D13: Hourly Rate | E13: 10.7 | F13: 172.58 | G13: =E13*F13 -> 1846.606 | H13: 75
A14: Kitchen Manager | B14: Jean Carlos | C14: Garcia Gonzalez | D14: Hourly Rate | E14: 9.7 | F14: 260.04 | G14: =E14*F14 -> 2522.388 | H14: 150 | L14: pay increase to £10.7
A15: Kitchen Manage | B15: Carolina | C15: Nunez | D15: Hourly Rate | E15: 9.7 | F15: 22.53 | G15: =E15*F15 -> 218.541 | H15: 0
A16: Prod. Team | B16: Sau Yi | C16: Liu | D16: Hourly Rate | E16: 9.5 | F16: 86.26 | G16: =E16*F16 -> 819.47 | I16: 50
A17: Prod. Team | B17: Wai Pink (Jess) | C17: Cham | D17: Hourly Rate | E17: 9.5 | F17: =102.23+3 -> 105.23 | G17: =E17*F17 -> 999.685 | I17: 89.04
A18: Prod. Team | B18: Yi Wan (Sue) | C18: Tse | D18: Hourly Rate | E18: 9 | F18: 0 | G18: =E18*F18 -> 0 | L18: Sick Pay Statutory
A19: Prod. Team | B19: Auntie WING | C19: Auntie Wing | D19: Hourly Rate | E19: 9.5 | F19: =158.48+3 -> 161.48 | G19: =E19*F19 -> 1534.06 | I19: =183.2 -> 183.2
A20: Prod. Team | B20: Hui Yi (Summer) | C20: Cham | D20: Hourly Rate | E20: 9.5 | F20: =189.43-40+3 -> 152.43 | G20: =E20*F20 -> 1448.085 | I20: 50
A21: Kitchen Staff | B21: Bruno | C21: Martins | D21: Hourly Rate | E21: 8 | F21: 229 | G21: =E21*F21 -> 1832 | K21: 1
A22: Chef | B22: Adalgisa | C22: Vargas Feliz | D22: Hourly Rate | E22: 9.5 | F22: 80 | G22: =E22*F22 -> 760 | K22: 3
A23: Junior chef | B23: Andre | C23: Crowley-Borgonzolo | D23: Hourly Rate | E23: 9.5 | F23: 10.02 | G23: =E23*F23 -> 95.19
A24: Junior chef | B24: Naomi Jhuliana | C24: Vallejos | D24: Hourly Rate | E24: 8 | F24: 61.19 | G24: =E24*F24 -> 489.52
A25: Junior chef | B25: Shivani | C25: Campbell | D25: Hourly Rate | E25: 9 | F25: 117.92 | G25: =E25*F25 -> 1061.28 | K25: 1
A26: Senior Chef | B26: Heidy | C26: Ramos | D26: Hourly Rate | E26: 9.7 | F26: 119.22 | G26: =E26*F26 -> 1156.434 | J26: starter
A27: Senior Chef | B27: Hubert | C27: Siotor | D27: Hourly Rate | E27: 9.5 | F27: 31.18 | G27: =E27*F27 -> 296.21 | J27: starter | K27: 1.5
A28: Waitress | B28: Mildred | C28: Suarez | D28: Hourly Rate | E28: 9.5 | F28: 26.85 | G28: =E28*F28 -> 255.075 | J28: starter | K28: 2.5
A29: Junior chef | B29: Jason | C29: Batista | D29: Hourly Rate | E29: 10 | F29: 33.6 | G29: =E29*F29 -> 336 | J29: starter | K29: 2
A30: Waiter | B30: Bradley Andrew | C30: Walker | D30: Hourly Rate | E30: 9 | F30: 34.4 | G30: =E30*F30 -> 309.6 | J30: starter | K30: 1
A31: Junior chef | B31: Rose | C31: Chowdhury | D31: Hourly Rate | E31: 8.5 | F31: 8.76 | G31: =E31*F31 -> 74.46 | J31: starter | K31: 1
A32: Junior chef | B32: Leonor | C32: Ferreira | D32: Hourly Rate | E32: 8 | F32: 44.77 | G32: =E32*F32 -> 358.16 | J32: starter
A33: Waitress | B33: Blanca | C33: Milan | D33: Hourly Rate | E33: 9.5 | F33: 34.34 | G33: =E33*F33 -> 326.23 | J33: starter
A34: Waitress | B34: Lina | C34: Rashid | D34: Hourly Rate | E34: 5 | F34: 11 | G34: =E34*F34 -> 55 | J34: starter/leaver
A35: Junior chef | B35: Joselin | C35: Chala | D35: Hourly Rate | E35: 9.5 | F35: 48.18 | G35: =E35*F35 -> 457.71 | J35: starter | K35: 2.5
A36: Junior chef | B36: Marc | C36: Boltman | D36: Hourly Rate | E36: 9.5 | F36: 19.17 | G36: =E36*F36 -> 182.115 | J36: starter | K36: 1.5
F37: =+SUM(F6:F26) -> 2679.3 | G37: =SUM(G6:G26) -> 25261.311 | H37: =+SUM(H6:H26) -> 595 | I37: =+SUM(I6:I26) -> 372.24
G38: =G37+H37+I37 -> 26228.552
G39: =SUMMARY!C9/(97750.58-10471.92) -> 0.3407769
H41: .

Sheet SUMMARY
A1: PAYROLL 22 NOV 19 DEC UGLY DUMPLING TEAM
C4: TOTAL
B5: PAYROLL TOTAL | C5: ='Payroll Carnaby'!G37 -> 25261.311
B6: SALES TARGET BONUS | C6: ='Payroll Carnaby'!H37 -> 595
B7: DUMPLING BONUS | C7: ='Payroll Carnaby'!I37 -> 372.24
B8: HOLIDAYS TOTAL | C8: ='HOLIDAYS AND NOTES'!F31 -> 3514
B9: TOTAL PAYROLL | C9: =SUM(C5:C8) -> 29742.552

Sheet HOLIDAYS AND NOTES
C1: =+SUMMARY!A1 -> PAYROLL 22 NOV 19 DEC UGLY DUMPLING TEAM
A3: HOLIDAYS
A5: Employee Forename | B5: Employee Surname | C5: Pay Component Description | D5: Rate | E5: Units | F5: TOTAL
A7: Dimitris | D7: 9 | E7: 56 | F7: =E7*D7 -> 504
A8: Mario | D8: 9.7 | E8: 80 | F8: =E8*D8 -> 776
A9: Lissette | D9: 9.5 | E9: 40 | F9: =E9*D9 -> 380
A10: Sau | D10: 9.5 | E10: 56 | F10: =E10*D10 -> 532
A11: Melanny | D11: 9.75 | E11: 56 | F11: =E11*D11 -> 546
A12: Jean | D12: 9.7 | E12: 80 | F12: =E12*D12 -> 776
A14: TOTAL | F14: =+SUM(F6:F13) -> 3514
A16: STARTERS AND LEAVERS DATE
A18: Employee Forename | B18: Employee Surname | C18: Hourly Rate | D18: START DATE | E18: LEAVE DATE
A25: LEAVERS HOLIDAY
A27: Employee Forename | B27: Employee Surname | C27: Pay Component Description | D27: Rate | E27: Units | F27: TOTAL
A31: HOLIDAYS TOTAL | F31: =F28+F14 -> 3514

Sheet NOTES 
B1: =+SUMMARY!A1 -> PAYROLL 22 NOV 19 DEC UGLY DUMPLING TEAM
A2: NOTES
B11: Name (New Starters ) | C11: NIN | E11: Bank Account | F11: Sort Code | G11: Nationality | I11: Passaport/ID number | L11: Setlment status | N11: Share Code
B12: Hubert Filip Siotor | C12: na | E12: 26523620 | F12: 04-00-75 | G12: Polish | I12: EN 4125386 | L12: pre-settle | N12: WJ5GDPY3Y
B13: Mildred | C13: na | E13: 66265444 | F13: 04-00-75 | G13: Spanish | I13: PAK773797 | L13: _ | N13: WX9Y6NYEE
B14: Jason Batista | C14: SY081164A | E14: 69133980 | F14: 04-00-75
B15: Bradley Andrew Walker | C15: PG422851D | E15: 03788608 | F15: 47127
B16: Rose Chowdhury | C16: SX688312A | E16: 13019780 | F16: 20-92-63
B17: Leonor Ferreira | C17: HN779744A | E17: 79159768 | F17: 30-96-64
B18: Blanca Milan | C18: SR857725B | E18: 66342560 | F18: 30-84-76
B19: Lina | C19: PK834673B | E19: 40495160 | F19: 30-97-90
B20: Joselin Chala | C20: SW224186C | E20: 60160962 | F20: 20-25-28
B21: Marc Boltman | C21: SS671483D | E21: 57799170 | F21: 60-83-71
