Workbook

Sheet FOH 
A1: =+SUMMARY!A1 -> PAYROLL 24th Jan 20th Feb UGLY DUMPLING TEAM
A5: Employee Reference | B5: Employee Forename | C5: Employee Surname | D5: Pay Comp. Description | E5: H. Rate | F5: Units | G5: Pay | H5: Perf. Bonus | I5: Bonus | J5: Status | K5: S.Charge | L5: Notes
A6: Waitress | B6: Tamar | C6: Molina Rios | D6: Hourly Rate | E6: 9 | F6: 128.58 | G6: =E6*F6 -> 1157.22 | K6: 2.5
A7: Waitress | B7: Savannah Jade | C7: Talbott | D7: Hourly Rate | E7: 10 | F7: 175.55 | G7: =E7*F7 -> 1755.5 | H7: 75 | K7: 3 | L7: pay increase to £10
A8: Waitress | B8: Lissette | C8: Paredes | D8: Hourly Rate | E8: 10.5 | F8: =188.53+10 -> 198.53 | G8: =E8*F8 -> 2084.565 | H8: 180 | L8: pay increase to £10.5
A9: Waitress | B9: Melanny Salome | C9: Folleco Chala | D9: Hourly Rate | E9: 10 | F9: 177.05 | G9: =E9*F9 -> 1770.5 | H9: 130
A10: Waitress | B10: Sergio | C10: Ferrerosa | D10: Hourly Rate | E10: 9.5 | F10: 169.44 | G10: =E10*F10 -> 1609.68 | K10: 3.5
A11: Waitress | B11: Blanca | C11: Milan | D11: Hourly Rate | E11: 9.5 | F11: 153.89 | G11: =E11*F11 -> 1461.955 | K11: 1
A12: Waitress | B12: Aya Salah Ali | C12: Senan | D12: Hourly Rate | E12: 8 | F12: =3.67+4 -> 7.67 | G12: =E12*F12 -> 61.36 | J12: starter | K12: 0.5
A13: Waitress | B13: Samy | C13: Karabadja | D13: Hourly Rate | E13: 8.5 | F13: 31.93 | G13: =E13*F13 -> 271.405 | J13: starter | K13: 0.5
A14: Waitress | B14: Waverley Claire | C14: Vines | D14: Hourly Rate | E14: 9.5 | F14: 41.04 | G14: =E14*F14 -> 389.88 | J14: starter | K14: 1
A15: Waitress | B15: Sofia | C15: Miseria | D15: Hourly Rate | E15: 8 | F15: 34.8 | G15: =E15*F15 -> 278.4 | J15: starter
A16: Waitress | B16: Victoria | C16: Baumer | D16: Hourly Rate | E16: 8.5 | F16: 37.55 | G16: =E16*F16 -> 319.175 | J16: starter
A17: Waiter | B17: Elie | C17: Derhy | D17: Hourly Rate | E17: 8.5 | F17: 31.06 | G17: =E17*F17 -> 264.01 | J17: starter/leaver | K17: 0.5
A18: Waitress | B18: Maryan | C18: Najam | D18: Hourly Rate | E18: 8 | F18: 49.9 | G18: =E18*F18 -> 399.2 | J18: starter | K18: 1
A19: Waitress | B19: Rochelle | C19: Jayaraj | D19: Hourly Rate | E19: 8 | F19: 48.99 | G19: =E19*F19 -> 391.92 | J19: starter | K19: 0.5
A20: Waiter | B20: Bradley | C20: Walker | D20: Hourly Rate | E20: 9 | F20: 35.25 | G20: =E20*F20-50 -> 267.25 | J20: Leaver
F22: =+SUM(F6:F10) -> 849.15 | G22: =SUM(G6:G20) -> 12482.02 | H22: =+SUM(H6:H10) -> 385 | I22: =+SUM(I6:I10) -> 0
H26: .
G27: =940+650+753+892+743+1010+1058+962+888+630+1147+924+1224+726 -> 12547

Sheet BOH
A1: =+SUMMARY!A1 -> PAYROLL 24th Jan 20th Feb UGLY DUMPLING TEAM
A5: Employee Reference | B5: Employee Forename | C5: Employee Surname | D5: Pay Comp. Description | E5: H. Rate | F5: Units | G5: Pay | H5: Sales Bobus | I5: Bonus | J5: Status | K5: S.Charge | L5: Notes
A6: Serior Chef | B6: Lorna | C6: Lau | D6: Hourly Rate | E6: 10 | F6: 32.7 | G6: =F6*E6 -> 327
A7: Chef | B7: Dimitris | C7: Papachristos | D7: Hourly Rate | E7: 10.7 | F7: 169.68 | G7: =F7*E7 -> 1815.576 | H7: 150
A8: Senior Chef | B8: Mario | C8: Tiburcio | D8: Hourly Rate | E8: 10.7 | F8: 170.41 | G8: =F8*E8 -> 1823.387 | H8: 75
A9: Kitchen Manager | B9: Jean Carlos | C9: Garcia Gonzalez | D9: Hourly Rate | E9: 10.7 | F9: 240.84 | G9: =F9*E9 -> 2576.988 | H9: 150
A10: Kitchen Manager | B10: Carolina | C10: Nunez | D10: Hourly Rate | E10: 10.7 | F10: 33.44 | G10: =F10*E10 -> 357.808 | H10: 0
A11: Prod. Team | B11: Sau Yi | C11: Liu | D11: Hourly Rate | E11: 9.5 | F11: 142.13 | G11: =F11*E11 -> 1350.235 | I11: 200
A12: Prod. Team | B12: Wai Pink (Jess) | C12: Cham | D12: Hourly Rate | E12: 9.5 | F12: =117.22-30 -> 87.22 | G12: =F12*E12 -> 828.59 | I12: 165.275
A13: Prod. Team | B13: Auntie WING | C13: Auntie Wing | D13: Hourly Rate | E13: 9.5 | F13: =167.23-40 -> 127.23 | G13: =F13*E13 -> 1208.685 | I13: =127.33+40 -> 167.33
A14: Prod. Team | B14: Hui Yi (Summer) | C14: Cham | D14: Hourly Rate | E14: 9.5 | F14: =149.91-30 -> 119.91 | G14: =F14*E14 -> 1139.145 | I14: 230
A15: Kitchen Staff | B15: Bruno | C15: Martins | D15: Hourly Rate | E15: 8 | F15: 121.76 | G15: =F15*E15 -> 974.08 | K15: 1
A16: Chef | B16: Adalgisa | C16: Vargas Feliz | D16: Hourly Rate | E16: 9.5 | F16: 64 | G16: =F16*E16 -> 608 | K16: 3
A17: Junior chef | B17: Naomi Jhuliana | C17: Vallejos | D17: Hourly Rate | E17: 8 | F17: 98.02 | G17: =F17*E17 -> 784.16 | K17: 0.5
A18: Junior chef | B18: Shivani | C18: Campbell | D18: Hourly Rate | E18: 9 | F18: 106.96 | G18: =F18*E18 -> 962.64 | K18: 1
A19: Senior Chef | B19: Heidy | C19: Ramos | D19: Hourly Rate | E19: 9.7 | F19: 137.9 | G19: =F19*E19 -> 1337.63 | J19: starter | K19: 1
A20: Senior Chef | B20: Hubert | C20: Siotor | D20: Hourly Rate | E20: 9.5 | F20: 133.21 | G20: =F20*E20 -> 1265.495 | J20: starter | K20: 1.5
A21: Junior chef | B21: Rose | C21: Chowdhury | D21: Hourly Rate | E21: 8.5 | F21: 97.82 | G21: =F21*E21 -> 831.47 | J21: starter | K21: 1
A22: Junior chef | B22: Leonor | C22: Ferreira | D22: Hourly Rate | E22: 8 | F22: 75.53 | G22: =F22*E22 -> 604.24 | J22: starter
A23: Junior chef | B23: Marc | C23: Boltman | D23: Hourly Rate | E23: 9.5 | F23: 168.36 | G23: =F23*E23 -> 1599.42 | J23: starter | K23: 1.5
A24: Junior chef | B24: Stewart | C24: Mcgovern | D24: Hourly Rate | E24: 9 | F24: 7.13 | G24: =F24*E24 -> 64.17
A25: Junior chef | B25: Jermaine | C25: Browne | D25: Hourly Rate | E25: 10.5 | F25: 35.53 | G25: =F25*E25 -> 373.065 | J25: starter/leaver
A26: Junior chef | B26: Jithendra | C26: Meda | D26: Hourly Rate | E26: 9 | F26: 13.6 | G26: =F26*E26 -> 122.4 | J26: starter/leaver
G28: =SUM(G6:G27) -> 20954.184 | H28: =SUM(H6:H27) -> 375 | I28: =SUM(I11:I14) -> 762.605
H34: .

Sheet SUMMARY
A1: PAYROLL 24th Jan 20th Feb UGLY DUMPLING TEAM
C4: TOTAL
B5: PAYROLL TOTAL | C5: ='FOH '!G22+BOH!G28 -> 33436.204
B6: SALES TARGET BONUS | C6: ='FOH '!H22+BOH!H28 -> 760
B7: DUMPLING BONUS | C7: =BOH!I28 -> 762.605
B8: HOLIDAYS TOTAL | C8: ='HOLIDAYS AND NOTES'!F25 -> 504
B9: TOTAL PAYROLL | C9: =SUM(C5:C8) -> 35462.809

Sheet HOLIDAYS AND NOTES
C1: =+SUMMARY!A1 -> PAYROLL 24th Jan 20th Feb UGLY DUMPLING TEAM
A3: HOLIDAYS
A5: Employee Forename | B5: Employee Surname | C5: Pay Component Description | D5: Rate | E5: Units | F5: TOTAL
A7: Dimitris | D7: 9 | E7: 56 | F7: =E7*D7 -> 504
A8: TOTAL | F8: =+SUM(F6:F7) -> 504
A10: STARTERS AND LEAVERS DATE
A12: Employee Forename | B12: Employee Surname | C12: Hourly Rate | D12: START DATE | E12: LEAVE DATE
A19: LEAVERS HOLIDAY
A21: Employee Forename | B21: Employee Surname | C21: Pay Component Description | D21: Rate | E21: Units | F21: TOTAL
A25: HOLIDAYS TOTAL | F25: =F22+F8 -> 504

Sheet NOTES 
B1: =+SUMMARY!A1 -> PAYROLL 24th Jan 20th Feb UGLY DUMPLING TEAM
A2: NOTES
B11: Name (New Starters ) | C11: NIN | E11: Bank Account | F11: Sort Code | G11: Nationality | I11: Passaport/ID number | L11: Setlment status | N11: Share Code
B12: Jermaine Browne | C12: JX620997B | E12: 31926396 | F12: 09.01.28
B13: Stewart Mcgovern | C13: PJ613881B | E13: 50739968 | F13: 30.99.32
B14: Aya Salah Ali Senan | C14: AG766609B | E14: 03086437 | F14: 20.74.63
B15: Samy Karabadja | C15: SX173340A | E15: 30869821 | F15: 20.71.82 | G15: Algerienne
B16: Jithendra Meda | C16: NJ304901B | E16: 88267462 | F16: 77.13.05
B17: Waverley Claire Vines | C17: PH335787D | E17: 54001347 | F17: 09.01.29
B18: Sofia Miseria | C18: PK265027D | E18: 37943487 | F18: 04.00.04
B19: Victoria Baumer | C19: NA | E19: 70443548 | F19: LT64 3250009437013875 | G19: Francese | I19: 18AD75880 | N19: WFLSJRYHY | P19: REVOLUT INT BANK
B20: Elie Derhy | C20: NA | E20: 52721361 | F20: 04.00.75 | G20: FRANCE | I20: 20ED95020 | N20: WKNJKRYEX
B21: Maryan Najam | C21: SX736670C | E21: 01625675 | F21: 40.10.15
B22: Rochelle Jayaraj | C22: SC894824A | E22: 45098957 | F22: 07.04.36

Sheet Sheet2
C6: Hours (deputy) | D6: Cash ded | E6: Dumlings (rep. wrappers) | F6: Total minus cash ded | G6: Hours red. By cash | I6: Total dump. Bonus | J6: Bonus
B7: Wing | C7: 167.23 | D7: =$B$15*B16 -> 3600 | E7: 15685 | F7: =E7-D7 -> 12085 | G7: =C7-B16 -> 127.23 | H7: =G7*$B$14 -> 9542.25 | I7: =F7-H7 -> 2542.75 | J7: =I7*$B$13 -> 127.1375 | K7: =J7/G7 -> 0.99927297
B8: Jess | C8: 117.22 | D8: =$B$15*B17 -> 2700 | E8: 12547 | F8: =E8-D8 -> 9847 | G8: =C8-B17 -> 87.22 | H8: =G8*$B$14 -> 6541.5 | I8: =F8-H8 -> 3305.5 | J8: =I8*$B$13 -> 165.275 | K8: =J8/G8 -> 1.8949209
B9: Summer | C9: 149.13 | D9: =$B$15*B18 -> 2700 | E9: 16254 | F9: =E9-D9 -> 13554 | G9: =C9-B18 -> 119.13 | H9: =G9*$B$14 -> 8934.75 | I9: =F9-H9 -> 4619.25 | J9: =I9*$B$13 -> 230.9625 | K9: =J9/G9 -> 1.9387434
B10: Yi | C10: 142 | D10: =$B$15*B19 -> 0 | E10: 15650 | F10: =E10-D10 -> 15650 | G10: =C10-B19 -> 142 | H10: =G10*$B$14 -> 10650 | I10: =F10-H10 -> 5000 | J10: =I10*$B$13 -> 250 | K10: =J10/C10 -> 1.7605634
A12: Ref
A13: Bonus per dumpling | B13: 0.05
A14: Target | B14: 75
A15: Cash per 90 dumpl | B15: 90
A16: wing | B16: 40
A17: jess | B17: 30
A18: summer | B18: 30
A19: Yi | B19: 0
